,account_key,status,join_date,cancel_date,days_to_cancel,is_udacity,is_canceled
0,448,canceled,2014-11-10,2015-01-14,65.0,True,True
1,448,canceled,2014-11-05,2014-11-10,5.0,True,True
2,448,canceled,2015-01-27,2015-01-27,0.0,True,True
3,448,canceled,2014-11-10,2014-11-10,0.0,True,True
4,448,current,2015-03-10,,,True,False
5,448,canceled,2015-01-14,2015-01-27,13.0,True,True
6,448,canceled,2015-01-27,2015-03-10,42.0,True,True
7,448,canceled,2015-01-27,2015-01-27,0.0,True,True
8,448,canceled,2015-01-27,2015-01-27,0.0,True,True
9,700,canceled,2014-11-10,2014-11-16,6.0,False,True
10,429,canceled,2014-11-10,2015-03-10,120.0,False,True
11,429,canceled,2015-03-10,2015-06-17,99.0,False,True
12,60,canceled,2014-11-10,2015-01-14,65.0,False,True
13,60,canceled,2015-01-14,2015-04-01,77.0,False,True
14,60,current,2015-04-01,,,False,False
15,1300,canceled,2014-11-10,2014-11-16,6.0,False,True
16,369,current,2014-11-10,,,False,False
17,322,canceled,2014-11-10,2015-02-02,84.0,False,True
18,322,canceled,2015-02-12,2015-02-12,0.0,False,True
19,322,canceled,2015-02-12,2015-03-10,26.0,False,True
20,322,current,2015-03-10,,,False,False
21,336,current,2014-11-10,,,False,False
22,553,current,2014-11-10,,,False,False
23,584,canceled,2014-11-10,2015-01-14,65.0,False,True
24,584,canceled,2015-01-14,2015-03-10,55.0,False,True
25,584,current,2015-03-10,,,False,False
26,1006,canceled,2014-11-10,2014-11-17,7.0,False,True
27,458,canceled,2014-11-10,2015-04-01,142.0,False,True
28,458,canceled,2015-04-04,2015-04-06,2.0,False,True
29,458,current,2015-04-06,,,False,False
30,1058,canceled,2014-11-10,2015-01-14,65.0,False,True
31,1058,canceled,2015-01-14,2015-03-10,55.0,False,True
32,1058,current,2015-03-10,,,False,False
33,206,current,2014-11-10,,,False,False
34,45,canceled,2014-11-10,2015-03-10,120.0,False,True
35,45,current,2015-03-10,,,False,False
36,315,canceled,2014-11-10,2015-05-17,188.0,False,True
37,604,current,2014-11-10,,,False,False
38,204,current,2014-11-10,,,False,False
39,408,canceled,2014-11-10,2015-03-10,120.0,False,True
40,408,canceled,2015-03-10,2015-04-01,22.0,False,True
41,408,canceled,2015-04-01,2015-04-17,16.0,False,True
42,51,canceled,2014-11-10,2015-03-10,120.0,False,True
43,51,canceled,2015-03-10,2015-06-17,99.0,False,True
44,323,canceled,2014-11-10,2015-04-17,158.0,False,True
45,568,current,2014-11-10,,,False,False
46,130,canceled,2014-11-10,2015-03-10,120.0,False,True
47,130,canceled,2015-03-10,2015-04-01,22.0,False,True
48,130,canceled,2015-04-01,2015-06-17,77.0,False,True
49,550,canceled,2014-11-10,2015-05-02,173.0,False,True
50,550,canceled,2015-05-28,2015-07-04,37.0,False,True
51,44,canceled,2014-11-10,2015-03-10,120.0,False,True
52,44,current,2015-03-10,,,False,False
53,1020,canceled,2014-11-10,2014-11-15,5.0,False,True
54,838,canceled,2014-11-10,2014-11-11,1.0,False,True
55,198,current,2014-11-10,,,False,False
56,368,current,2014-11-10,,,False,False
57,440,canceled,2014-11-11,2015-02-18,99.0,False,True
58,675,canceled,2014-11-11,2014-11-16,5.0,False,True
59,57,canceled,2014-11-11,2015-02-18,99.0,False,True
60,57,current,2015-05-06,,,False,False
61,1090,canceled,2014-11-11,2014-11-26,15.0,False,True
62,541,canceled,2014-11-12,2015-06-19,219.0,False,True
63,756,canceled,2014-11-12,2014-11-15,3.0,False,True
64,756,canceled,2014-11-15,2015-01-15,61.0,False,True
65,1219,canceled,2014-11-12,2014-11-12,0.0,False,True
66,101,canceled,2014-11-12,2015-04-20,159.0,False,True
67,1021,canceled,2014-11-12,2014-11-17,5.0,False,True
68,1108,canceled,2014-11-12,2014-11-16,4.0,False,True
69,800,canceled,2014-11-12,2014-11-14,2.0,False,True
70,800,canceled,2015-03-04,2015-05-11,68.0,False,True
71,702,canceled,2014-11-13,2014-11-15,2.0,False,True
72,702,canceled,2014-11-15,2015-01-14,60.0,False,True
73,702,canceled,2015-01-14,2015-03-10,55.0,False,True
74,702,current,2015-03-10,,,False,False
75,871,canceled,2014-11-13,2014-11-13,0.0,False,True
76,38,current,2014-11-14,,,False,False
77,215,current,2014-11-14,,,False,False
78,744,canceled,2014-11-14,2014-12-21,37.0,False,True
79,217,canceled,2014-11-14,2014-11-15,1.0,False,True
80,217,canceled,2014-11-15,2015-03-10,115.0,False,True
81,217,current,2015-03-10,,,False,False
82,1221,canceled,2014-11-14,2014-11-21,7.0,False,True
83,1211,canceled,2014-11-14,2014-11-15,1.0,False,True
84,1211,canceled,2014-11-15,2015-01-15,61.0,False,True
85,1211,current,2015-03-06,,,False,False
86,1051,canceled,2014-11-14,2014-11-16,2.0,False,True
87,1286,canceled,2014-11-14,2014-11-21,7.0,False,True
88,53,canceled,2014-11-14,2014-12-21,37.0,False,True
89,53,current,2015-05-11,,,False,False
90,895,canceled,2014-11-14,2014-11-19,5.0,False,True
91,895,canceled,2014-11-11,2014-11-11,0.0,False,True
92,283,current,2014-11-15,,,False,False
93,283,canceled,2014-11-13,2014-11-15,2.0,False,True
94,338,canceled,2014-11-15,2015-01-14,60.0,False,True
95,338,canceled,2015-01-14,2015-02-03,20.0,False,True
96,338,canceled,2015-02-03,2015-02-22,19.0,False,True
97,338,current,2015-05-11,,,False,False
98,579,current,2014-11-15,,,False,False
99,903,canceled,2014-11-16,2014-11-21,5.0,False,True
100,627,current,2014-11-16,,,False,False
101,253,canceled,2014-11-16,2015-01-14,59.0,False,True
102,253,current,2015-01-14,,,False,False
103,861,canceled,2014-11-16,2014-11-19,3.0,False,True
104,178,canceled,2014-11-17,2015-05-09,173.0,False,True
105,822,canceled,2014-11-17,2015-01-15,59.0,False,True
106,822,current,2015-07-18,,,False,False
107,96,current,2014-11-17,,,False,False
108,123,canceled,2014-11-10,2015-03-10,120.0,False,True
109,123,canceled,2015-03-10,2015-04-17,38.0,False,True
110,943,canceled,2014-11-10,2014-11-17,7.0,False,True
111,620,current,2014-11-10,,,False,False
112,1204,canceled,2014-11-10,2014-12-17,37.0,False,True
113,195,current,2014-11-10,,,False,False
114,890,canceled,2014-11-10,2014-11-11,1.0,False,True
115,354,current,2014-11-10,,,False,False
116,837,canceled,2014-11-10,2014-11-11,1.0,False,True
117,114,canceled,2014-11-10,2014-11-11,1.0,False,True
118,114,current,2015-05-08,,,False,False
119,810,canceled,2014-11-10,2014-11-13,3.0,False,True
120,394,canceled,2014-11-10,2015-04-17,158.0,False,True
121,1253,canceled,2014-11-10,2015-01-14,65.0,False,True
122,1253,canceled,2015-01-14,2015-01-20,6.0,False,True
123,504,canceled,2014-11-10,2015-06-17,219.0,False,True
124,537,current,2014-11-10,,,False,False
125,72,canceled,2014-11-10,2015-05-17,188.0,False,True
126,268,canceled,2014-11-10,2014-12-17,37.0,False,True
127,268,canceled,2015-04-03,2015-08-10,129.0,False,True
128,339,canceled,2014-11-10,2015-03-10,120.0,False,True
129,339,canceled,2015-04-01,2015-06-17,77.0,False,True
130,339,canceled,2015-03-10,2015-04-01,22.0,False,True
131,1244,canceled,2014-11-10,2015-01-14,65.0,False,True
132,1244,current,2015-03-10,,,False,False
133,1244,canceled,2015-01-14,2015-03-10,55.0,False,True
134,1244,canceled,2015-03-17,2015-04-27,41.0,False,True
135,1244,canceled,2015-05-17,2015-08-17,92.0,False,True
136,752,canceled,2014-11-10,2014-11-19,9.0,False,True
137,194,current,2014-11-10,,,False,False
138,520,canceled,2014-11-10,2015-03-17,127.0,False,True
139,102,current,2014-11-10,,,False,False
140,367,canceled,2014-11-11,2015-04-02,142.0,False,True
141,258,canceled,2014-11-10,2015-07-17,249.0,False,True
142,522,current,2014-11-10,,,False,False
143,1047,canceled,2014-11-10,2014-11-11,1.0,False,True
144,329,canceled,2014-11-10,2015-01-14,65.0,False,True
145,329,canceled,2015-03-10,2015-04-08,29.0,False,True
146,329,current,2015-04-08,,,False,False
147,329,canceled,2015-01-14,2015-02-03,20.0,False,True
148,329,canceled,2015-02-03,2015-03-10,35.0,False,True
149,225,current,2014-11-10,,,False,False
150,612,canceled,2014-11-10,2015-03-10,120.0,False,True
151,612,canceled,2015-03-10,2015-03-17,7.0,False,True
152,150,canceled,2014-11-10,2015-05-17,188.0,False,True
153,179,canceled,2014-11-10,2015-03-17,127.0,False,True
154,595,current,2014-11-10,,,False,False
155,587,canceled,2014-11-10,2015-01-14,65.0,False,True
156,587,canceled,2015-01-14,2015-04-17,93.0,False,True
157,587,current,2015-05-28,,,False,False
158,439,canceled,2014-11-10,2015-03-10,120.0,False,True
159,439,current,2015-03-10,,,False,False
160,428,current,2014-11-10,,,False,False
161,18,canceled,2014-11-10,2015-02-17,99.0,False,True
162,544,canceled,2014-11-10,2015-05-17,188.0,False,True
163,10,current,2014-11-10,,,False,False
164,913,canceled,2014-11-10,2015-01-14,65.0,False,True
165,913,canceled,2015-01-14,2015-02-17,34.0,False,True
166,23,current,2014-11-10,,,False,False
167,576,canceled,2014-11-10,2015-02-17,99.0,False,True
168,431,canceled,2014-11-10,2015-03-17,127.0,False,True
169,223,current,2014-11-10,,,False,False
170,480,canceled,2014-11-10,2015-03-10,120.0,False,True
171,480,canceled,2015-03-10,2015-04-01,22.0,False,True
172,480,current,2015-04-01,,,False,False
173,525,canceled,2014-11-10,2015-07-17,249.0,False,True
174,1111,canceled,2014-11-11,2015-03-10,119.0,False,True
175,1111,canceled,2015-03-10,2015-04-01,22.0,False,True
176,1111,canceled,2015-04-01,2015-04-18,17.0,False,True
177,1107,canceled,2014-11-11,2014-11-19,8.0,False,True
178,577,canceled,2014-11-12,2015-01-19,68.0,False,True
179,577,canceled,2015-02-05,2015-07-12,157.0,False,True
180,92,canceled,2014-11-12,2015-07-19,249.0,False,True
181,335,canceled,2014-11-12,2015-05-19,188.0,False,True
182,275,canceled,2014-11-12,2014-11-16,4.0,False,True
183,275,current,2014-11-16,,,False,False
184,930,canceled,2014-11-13,2014-11-17,4.0,False,True
185,245,current,2014-11-14,,,False,False
186,135,current,2014-11-14,,,False,False
187,37,current,2014-11-14,,,False,False
188,740,canceled,2014-11-14,2014-11-15,1.0,False,True
189,740,canceled,2014-11-11,2014-11-13,2.0,False,True
190,186,current,2014-11-14,,,False,False
191,389,current,2014-11-15,,,False,False
192,389,canceled,2014-11-14,2014-11-15,1.0,False,True
193,1218,canceled,2014-11-15,2014-11-15,0.0,False,True
194,693,canceled,2014-11-15,2015-01-14,60.0,False,True
195,693,canceled,2015-01-14,2015-01-23,9.0,False,True
196,770,canceled,2014-11-15,2014-11-19,4.0,False,True
197,88,canceled,2014-11-15,2015-03-10,115.0,False,True
198,88,current,2015-04-01,,,False,False
199,88,canceled,2015-03-10,2015-04-01,22.0,False,True
200,845,canceled,2014-11-16,2014-11-23,7.0,False,True
201,983,canceled,2014-11-16,2015-01-14,59.0,False,True
202,983,canceled,2015-01-14,2015-01-23,9.0,False,True
203,1118,canceled,2014-11-17,2014-12-24,37.0,False,True
204,1118,canceled,2014-11-12,2014-11-17,5.0,False,True
205,499,canceled,2014-11-17,2014-11-17,0.0,False,True
206,499,canceled,2015-02-06,2015-05-13,96.0,False,True
207,590,canceled,2014-12-03,2015-02-03,62.0,False,True
208,590,current,2015-05-11,,,False,False
209,590,canceled,2015-02-03,2015-03-10,35.0,False,True
210,264,canceled,2014-12-03,2015-02-03,62.0,False,True
211,264,canceled,2015-02-03,2015-02-25,22.0,False,True
212,300,current,2014-12-03,,,False,False
213,54,current,2014-12-03,,,False,False
214,1043,canceled,2014-12-03,2014-12-04,1.0,False,True
215,1130,canceled,2014-12-03,2015-01-25,53.0,False,True
216,654,canceled,2014-12-04,2014-12-04,0.0,False,True
217,654,canceled,2014-12-04,2014-12-04,0.0,False,True
218,654,canceled,2014-12-03,2014-12-03,0.0,False,True
219,736,canceled,2014-12-04,2015-03-11,97.0,False,True
220,964,canceled,2014-12-04,2014-12-04,0.0,False,True
221,976,canceled,2014-12-04,2015-01-11,38.0,False,True
222,1203,canceled,2014-12-04,2014-12-09,5.0,False,True
223,278,current,2014-12-04,,,False,False
224,377,current,2014-12-05,,,False,False
225,342,current,2014-12-05,,,False,False
226,358,current,2014-12-05,,,False,False
227,316,canceled,2014-12-06,2015-06-13,189.0,False,True
228,347,canceled,2014-12-07,2015-03-14,97.0,False,True
229,347,current,2015-04-05,,,False,False
230,295,canceled,2014-12-07,2014-12-07,0.0,False,True
231,295,current,2015-04-03,,,False,False
232,343,canceled,2014-12-07,2015-03-14,97.0,False,True
233,1127,canceled,2014-12-07,2014-12-08,1.0,False,True
234,1076,canceled,2014-12-08,2014-12-12,4.0,False,True
235,502,current,2014-12-08,,,False,False
236,502,canceled,2014-11-15,2014-11-21,6.0,False,True
237,1223,canceled,2014-12-08,2014-12-13,5.0,False,True
238,221,canceled,2014-12-03,2015-02-10,69.0,False,True
239,631,canceled,2014-12-03,2014-12-08,5.0,False,True
240,631,canceled,2015-05-08,2015-07-15,68.0,False,True
241,495,current,2014-12-04,,,False,False
242,495,canceled,2014-11-12,2014-11-17,5.0,False,True
243,1009,canceled,2014-12-05,2015-02-12,69.0,False,True
244,364,current,2014-12-05,,,False,False
245,1252,canceled,2014-12-05,2014-12-11,6.0,False,True
246,909,canceled,2014-12-05,2014-12-28,23.0,False,True
247,1156,canceled,2014-12-06,2014-12-08,2.0,False,True
248,524,canceled,2014-12-06,2015-02-03,59.0,False,True
249,524,current,2015-03-04,,,False,False
250,560,current,2014-12-06,,,False,False
251,570,current,2014-12-07,,,False,False
252,581,current,2014-12-07,,,False,False
253,759,canceled,2014-12-08,2015-02-03,57.0,False,True
254,759,canceled,2015-04-08,2015-04-15,7.0,False,True
255,759,canceled,2015-02-03,2015-04-08,64.0,False,True
256,896,canceled,2014-12-08,2015-02-03,57.0,False,True
257,896,canceled,2015-03-10,2015-04-08,29.0,False,True
258,896,canceled,2015-02-03,2015-03-10,35.0,False,True
259,896,current,2015-04-08,,,False,False
260,346,current,2014-12-08,,,False,False
261,346,canceled,2014-12-05,2014-12-05,0.0,False,True
262,411,canceled,2014-12-08,2015-02-03,57.0,False,True
263,411,canceled,2015-03-10,2015-04-08,29.0,False,True
264,411,canceled,2015-02-03,2015-03-10,35.0,False,True
265,411,canceled,2015-04-08,2015-06-15,68.0,False,True
266,705,canceled,2014-12-08,2014-12-14,6.0,False,True
267,705,canceled,2015-04-08,2015-04-28,20.0,False,True
268,776,canceled,2014-12-08,2015-02-03,57.0,False,True
269,557,canceled,2014-12-08,2015-02-03,57.0,False,True
270,557,current,2015-03-10,,,False,False
271,557,canceled,2015-02-03,2015-03-10,35.0,False,True
272,1234,canceled,2014-12-09,2014-12-14,5.0,False,True
273,634,canceled,2014-12-09,2015-06-16,189.0,False,True
274,1124,canceled,2014-12-09,2015-02-03,56.0,False,True
275,1124,current,2015-04-08,,,False,False
276,1124,canceled,2015-02-03,2015-04-08,64.0,False,True
277,932,canceled,2014-12-09,2015-01-16,38.0,False,True
278,817,canceled,2014-12-09,2014-12-09,0.0,False,True
279,169,canceled,2014-12-09,2014-12-14,5.0,False,True
280,169,canceled,2015-02-05,2015-08-12,188.0,False,True
281,350,current,2015-01-07,,,False,False
282,345,current,2015-01-07,,,False,False
283,1171,canceled,2015-01-07,2015-01-07,0.0,False,True
284,530,current,2015-01-07,,,False,False
285,383,current,2015-01-07,,,False,False
286,1271,canceled,2015-01-07,2015-01-13,6.0,False,True
287,229,canceled,2015-01-07,2015-06-14,158.0,False,True
288,876,canceled,2015-01-08,2015-01-11,3.0,False,True
289,622,canceled,2015-01-08,2015-06-15,158.0,False,True
290,1065,canceled,2015-01-08,2015-01-11,3.0,False,True
291,884,canceled,2015-01-08,2015-01-08,0.0,False,True
292,730,canceled,2015-01-08,2015-01-30,22.0,False,True
293,905,canceled,2015-01-08,2015-03-15,66.0,False,True
294,356,current,2015-01-09,,,False,False
295,1164,canceled,2015-01-09,2015-01-14,5.0,False,True
296,170,canceled,2015-01-09,2015-08-16,219.0,False,True
297,467,canceled,2015-01-10,2015-07-02,173.0,False,True
298,780,canceled,2015-01-11,2015-02-18,38.0,False,True
299,418,canceled,2015-01-11,2015-07-18,188.0,False,True
300,1074,canceled,2015-01-11,2015-03-10,58.0,False,True
301,1074,canceled,2015-03-10,2015-04-18,39.0,False,True
302,859,canceled,2015-01-11,2015-02-18,38.0,False,True
303,859,canceled,2014-11-15,2014-11-22,7.0,False,True
304,91,canceled,2014-11-10,2015-03-10,120.0,False,True
305,91,current,2015-03-10,,,False,False
306,12,current,2014-11-10,,,False,False
307,3,canceled,2014-11-10,2015-03-10,120.0,False,True
308,3,current,2015-03-10,,,False,False
309,157,canceled,2014-11-10,2015-03-10,120.0,False,True
310,157,canceled,2015-03-10,2015-07-17,129.0,False,True
311,224,current,2014-11-10,,,False,False
312,562,current,2014-11-10,,,False,False
313,1098,current,2014-11-10,,,False,False
314,378,canceled,2014-11-10,2015-03-10,120.0,False,True
315,378,canceled,2015-03-10,2015-04-17,38.0,False,True
316,1214,canceled,2014-11-10,2015-01-15,66.0,False,True
317,483,canceled,2014-11-10,2015-04-20,161.0,False,True
318,1094,canceled,2014-11-10,2014-12-17,37.0,False,True
319,882,canceled,2014-11-10,2014-12-17,37.0,False,True
320,412,canceled,2014-11-10,2015-03-10,120.0,False,True
321,412,current,2015-04-01,,,False,False
322,412,canceled,2015-03-10,2015-04-01,22.0,False,True
323,390,current,2014-11-10,,,False,False
324,366,canceled,2014-11-10,2015-03-10,120.0,False,True
325,366,canceled,2015-04-01,2015-04-17,16.0,False,True
326,366,canceled,2015-03-10,2015-04-01,22.0,False,True
327,81,current,2014-11-10,,,False,False
328,696,canceled,2014-11-10,2015-01-14,65.0,False,True
329,696,canceled,2015-01-14,2015-01-20,6.0,False,True
330,892,canceled,2014-11-10,2014-11-12,2.0,False,True
331,1142,canceled,2014-11-10,2015-01-14,65.0,False,True
332,1142,canceled,2015-03-10,2015-07-17,129.0,False,True
333,1142,canceled,2015-01-14,2015-03-10,55.0,False,True
334,234,current,2014-11-11,,,False,False
335,148,canceled,2014-11-11,2015-03-10,119.0,False,True
336,148,canceled,2015-04-01,2015-04-18,17.0,False,True
337,148,canceled,2015-03-10,2015-04-01,22.0,False,True
338,630,canceled,2014-11-11,2015-03-18,127.0,False,True
339,1083,canceled,2014-11-11,2014-11-12,1.0,False,True
340,1011,canceled,2014-11-11,2014-11-12,1.0,False,True
341,1011,canceled,2015-04-08,2015-05-15,37.0,False,True
342,1114,canceled,2014-11-12,2014-11-18,6.0,False,True
343,161,canceled,2014-11-12,2015-05-19,188.0,False,True
344,441,canceled,2014-11-12,2015-06-19,219.0,False,True
345,712,canceled,2014-11-13,2015-03-20,127.0,False,True
346,273,current,2014-11-14,,,False,False
347,76,canceled,2014-11-14,2014-11-15,1.0,False,True
348,76,current,2015-01-15,,,False,False
349,76,canceled,2014-11-15,2015-01-15,61.0,False,True
350,938,canceled,2014-11-14,2015-01-16,63.0,False,True
351,131,current,2014-11-14,,,False,False
352,231,current,2014-11-14,,,False,False
353,1085,canceled,2014-11-14,2014-11-18,4.0,False,True
354,327,current,2014-11-14,,,False,False
355,829,canceled,2014-11-15,2014-12-22,37.0,False,True
356,829,canceled,2014-11-14,2014-11-15,1.0,False,True
357,203,canceled,2014-11-15,2014-11-21,6.0,False,True
358,203,canceled,2015-05-12,2015-07-19,68.0,False,True
359,277,current,2014-11-15,,,False,False
360,280,current,2014-11-15,,,False,False
361,308,current,2014-11-16,,,False,False
362,1239,canceled,2014-11-17,2014-11-19,2.0,False,True
363,1230,canceled,2014-11-17,2014-11-19,2.0,False,True
364,875,canceled,2014-11-17,2014-11-17,0.0,False,True
365,202,current,2014-12-03,,,False,False
366,563,canceled,2014-12-03,2015-07-10,219.0,False,True
367,1167,canceled,2014-12-03,2015-01-10,38.0,False,True
368,643,canceled,2014-12-03,2015-02-03,62.0,False,True
369,643,canceled,2015-03-10,2015-04-08,29.0,False,True
370,643,current,2015-04-18,,,False,False
371,643,canceled,2015-04-08,2015-04-18,10.0,False,True
372,643,canceled,2015-02-03,2015-03-10,35.0,False,True
373,110,canceled,2014-12-03,2015-05-10,158.0,False,True
374,244,current,2014-12-04,,,False,False
375,1289,canceled,2014-12-04,2015-02-03,61.0,False,True
376,1120,canceled,2014-12-04,2014-12-04,0.0,False,True
377,500,canceled,2014-12-05,2015-02-03,60.0,False,True
378,500,canceled,2014-11-12,2014-11-17,5.0,False,True
379,500,current,2015-02-03,,,False,False
380,728,canceled,2014-12-05,2014-12-05,0.0,False,True
381,209,current,2014-12-05,,,False,False
382,292,current,2014-12-05,,,False,False
383,546,current,2014-12-05,,,False,False
384,1160,canceled,2014-12-05,2015-01-12,38.0,False,True
385,64,canceled,2014-12-06,2015-04-13,128.0,False,True
386,637,canceled,2014-12-06,2014-12-10,4.0,False,True
387,637,canceled,2015-03-10,2015-04-14,35.0,False,True
388,637,canceled,2015-05-06,2015-08-13,99.0,False,True
389,637,canceled,2015-01-07,2015-03-10,62.0,False,True
390,52,canceled,2014-12-07,2015-03-14,97.0,False,True
391,747,canceled,2014-12-07,2014-12-13,6.0,False,True
392,747,current,2015-04-02,,,False,False
393,450,current,2014-12-07,,,False,False
394,111,canceled,2014-12-07,2015-03-01,84.0,False,True
395,583,canceled,2014-12-08,2015-05-15,158.0,False,True
396,461,current,2014-12-08,,,False,False
397,1199,canceled,2014-12-08,2015-01-15,38.0,False,True
398,743,canceled,2014-12-09,2015-01-16,38.0,False,True
399,474,canceled,2014-12-09,2015-03-16,97.0,False,True
400,960,canceled,2014-12-09,2014-12-15,6.0,False,True
401,667,canceled,2014-12-09,2015-01-16,38.0,False,True
402,1095,canceled,2014-12-09,2014-12-13,4.0,False,True
403,1095,canceled,2015-06-06,2015-08-13,68.0,False,True
404,79,canceled,2014-12-09,2015-07-16,219.0,False,True
405,691,canceled,2015-01-07,2015-01-10,3.0,False,True
406,66,current,2015-01-07,,,False,False
407,197,canceled,2015-01-07,2015-06-14,158.0,False,True
408,67,canceled,2015-01-07,2015-03-14,66.0,False,True
409,678,canceled,2015-01-08,2015-02-15,38.0,False,True
410,873,canceled,2015-01-08,2015-01-30,22.0,False,True
411,623,canceled,2015-01-08,2015-04-15,97.0,False,True
412,623,canceled,2014-12-07,2014-12-14,7.0,False,True
413,791,current,2015-01-08,,,False,False
414,507,canceled,2015-01-09,2015-03-10,60.0,False,True
415,507,current,2015-03-10,,,False,False
416,488,current,2015-01-09,,,False,False
417,488,canceled,2014-11-15,2014-11-20,5.0,False,True
418,270,canceled,2015-01-09,2015-05-31,142.0,False,True
419,362,canceled,2015-01-09,2015-02-05,27.0,False,True
420,362,canceled,2015-02-05,2015-04-16,70.0,False,True
421,263,canceled,2015-01-10,2015-04-17,97.0,False,True
422,263,current,2015-08-12,,,False,False
423,263,canceled,2015-06-01,2015-07-08,37.0,False,True
424,965,canceled,2015-01-10,2015-04-17,97.0,False,True
425,761,canceled,2015-01-11,2015-02-18,38.0,False,True
426,1191,canceled,2015-01-11,2015-01-11,0.0,False,True
427,598,current,2015-01-12,,,False,False
428,785,canceled,2015-01-12,2015-03-10,57.0,False,True
429,785,canceled,2015-04-08,2015-05-19,41.0,False,True
430,785,canceled,2015-03-10,2015-04-08,29.0,False,True
431,989,canceled,2015-01-12,2015-02-18,37.0,False,True
432,989,canceled,2015-04-08,2015-06-19,72.0,False,True
433,989,canceled,2015-02-18,2015-04-08,49.0,False,True
434,28,current,2015-01-12,,,False,False
435,1293,canceled,2014-12-08,2014-12-10,2.0,False,True
436,166,current,2014-12-08,,,False,False
437,682,canceled,2014-12-08,2014-12-15,7.0,False,True
438,682,canceled,2014-12-07,2014-12-07,0.0,False,True
439,682,canceled,2015-04-08,2015-05-15,37.0,False,True
440,1295,canceled,2014-12-09,2014-12-15,6.0,False,True
441,1295,canceled,2015-07-17,2015-07-22,5.0,False,True
442,695,canceled,2014-12-09,2014-12-15,6.0,False,True
443,671,canceled,2014-12-09,2015-02-03,56.0,False,True
444,907,canceled,2014-12-09,2014-12-15,6.0,False,True
445,1121,canceled,2014-12-29,2015-01-12,14.0,False,True
446,1121,canceled,2014-11-11,2014-12-29,48.0,False,True
447,1121,canceled,2015-01-12,2015-02-18,37.0,False,True
448,966,canceled,2015-01-07,2015-03-10,62.0,False,True
449,966,current,2015-03-10,,,False,False
450,442,canceled,2015-01-07,2015-03-10,62.0,False,True
451,442,current,2015-03-10,,,False,False
452,442,canceled,2015-03-15,2015-04-27,43.0,False,True
453,442,current,2015-05-14,,,False,False
454,5,canceled,2015-01-07,2015-04-16,99.0,False,True
455,5,canceled,2015-01-07,2015-01-07,0.0,False,True
456,1283,canceled,2015-01-07,2015-01-10,3.0,False,True
457,592,current,2015-01-07,,,False,False
458,1137,canceled,2015-01-08,2015-01-10,2.0,False,True
459,34,canceled,2015-01-08,2015-02-03,26.0,False,True
460,34,canceled,2014-11-16,2015-01-08,53.0,False,True
461,34,current,2015-02-03,,,False,False
462,824,canceled,2015-01-09,2015-01-31,22.0,False,True
463,824,canceled,2015-02-10,2015-03-04,22.0,False,True
464,0,current,2015-01-09,,,False,False
465,688,canceled,2015-01-09,2015-01-11,2.0,False,True
466,527,current,2015-01-09,,,False,False
467,1304,canceled,2015-01-10,2015-03-10,59.0,True,True
468,1304,canceled,2015-03-10,2015-06-17,99.0,True,True
469,1060,canceled,2015-01-11,2015-02-18,38.0,False,True
470,1010,canceled,2015-01-11,2015-01-11,0.0,False,True
471,745,canceled,2014-11-11,2014-11-13,2.0,False,True
472,227,canceled,2014-11-12,2014-12-19,37.0,False,True
473,227,current,2015-04-08,,,False,False
474,929,canceled,2014-11-12,2014-11-17,5.0,False,True
475,841,canceled,2014-11-12,2014-11-12,0.0,False,True
476,599,canceled,2014-11-12,2015-01-14,63.0,False,True
477,599,canceled,2015-01-14,2015-01-22,8.0,False,True
478,599,current,2015-04-02,,,False,False
479,181,canceled,2014-11-13,2015-03-10,117.0,False,True
480,181,current,2015-03-10,,,False,False
481,1035,canceled,2014-11-13,2014-11-13,0.0,False,True
482,1035,canceled,2015-02-06,2015-02-09,3.0,False,True
483,639,canceled,2014-11-13,2015-03-20,127.0,False,True
484,126,current,2014-11-14,,,False,False
485,254,current,2014-11-14,,,False,False
486,1303,canceled,2014-11-14,2015-01-14,61.0,False,True
487,1303,canceled,2015-03-10,2015-04-08,29.0,False,True
488,1303,canceled,2015-04-08,2015-04-21,13.0,False,True
489,1303,canceled,2015-01-14,2015-02-03,20.0,False,True
490,1303,canceled,2015-02-03,2015-03-10,35.0,False,True
491,969,canceled,2014-11-14,2014-12-22,38.0,False,True
492,869,canceled,2014-11-14,2014-11-21,7.0,False,True
493,972,canceled,2014-11-15,2015-01-14,60.0,False,True
494,972,canceled,2015-01-14,2015-03-10,55.0,False,True
495,972,canceled,2015-03-10,2015-03-22,12.0,False,True
496,334,canceled,2014-11-16,2015-03-10,114.0,False,True
497,334,current,2015-03-10,,,False,False
498,469,current,2014-11-16,,,False,False
499,684,canceled,2014-11-16,2014-11-21,5.0,False,True
500,1012,canceled,2014-11-17,2014-11-21,4.0,False,True
501,33,current,2015-01-12,,,False,False
502,250,current,2015-01-12,,,False,False
503,1109,canceled,2015-01-12,2015-01-16,4.0,False,True
504,486,current,2015-01-12,,,False,False
505,862,canceled,2015-01-12,2015-01-18,6.0,False,True
506,567,current,2015-01-12,,,False,False
507,371,current,2015-01-13,,,False,False
508,765,canceled,2015-01-13,2015-01-18,5.0,False,True
509,1277,canceled,2015-01-14,2015-01-22,8.0,False,True
510,1277,canceled,2014-11-14,2015-01-14,61.0,False,True
511,1071,canceled,2015-01-14,2015-03-17,62.0,False,True
512,1071,canceled,2014-11-10,2015-01-14,65.0,False,True
513,923,canceled,2015-01-14,2015-03-10,55.0,False,True
514,923,canceled,2014-11-16,2015-01-14,59.0,False,True
515,923,current,2015-03-10,,,False,False
516,640,canceled,2015-01-14,2015-01-15,1.0,False,True
517,640,canceled,2014-11-12,2015-01-14,63.0,False,True
518,640,current,2015-04-01,,,False,False
519,640,canceled,2015-01-15,2015-01-15,0.0,False,True
520,640,canceled,2015-01-15,2015-03-10,54.0,False,True
521,640,canceled,2015-03-10,2015-04-01,22.0,False,True
522,1174,canceled,2015-01-14,2015-02-03,20.0,False,True
523,1174,canceled,2014-11-10,2015-01-14,65.0,False,True
524,1174,canceled,2015-02-03,2015-02-17,14.0,False,True
525,1019,canceled,2015-01-14,2015-01-18,4.0,False,True
526,1019,canceled,2014-11-11,2015-01-14,64.0,False,True
527,655,canceled,2015-01-14,2015-01-20,6.0,False,True
528,655,canceled,2014-11-10,2015-01-14,65.0,False,True
529,529,current,2015-02-03,,,False,False
530,529,canceled,2014-12-08,2015-02-03,57.0,False,True
531,222,current,2014-11-17,,,False,False
532,256,canceled,2014-12-03,2015-04-01,119.0,False,True
533,256,canceled,2015-04-01,2015-06-10,70.0,False,True
534,288,current,2014-12-03,,,False,False
535,523,canceled,2014-12-03,2015-01-12,40.0,False,True
536,523,canceled,2015-01-12,2015-03-10,57.0,False,True
537,523,current,2015-03-10,,,False,False
538,24,canceled,2014-12-03,2015-06-10,189.0,False,True
539,922,canceled,2014-12-03,2014-12-08,5.0,False,True
540,707,canceled,2014-12-03,2014-12-03,0.0,False,True
541,397,canceled,2014-12-04,2015-04-01,118.0,False,True
542,397,current,2015-04-01,,,False,False
543,925,canceled,2014-12-04,2014-12-05,1.0,False,True
544,265,canceled,2014-12-04,2015-01-11,38.0,False,True
545,650,canceled,2014-12-04,2014-12-10,6.0,False,True
546,650,canceled,2015-03-04,2015-08-11,160.0,False,True
547,717,canceled,2014-12-04,2014-12-04,0.0,False,True
548,1013,canceled,2014-12-04,2015-04-01,118.0,False,True
549,1013,canceled,2015-04-01,2015-04-11,10.0,False,True
550,618,canceled,2014-12-05,2015-04-12,128.0,False,True
551,1236,canceled,2014-12-05,2015-02-03,60.0,False,True
552,1181,current,2014-12-05,,,False,False
553,1152,canceled,2014-12-05,2014-12-07,2.0,False,True
554,1152,canceled,2015-05-11,2015-05-14,3.0,False,True
555,1152,canceled,2015-07-16,2015-07-22,6.0,False,True
556,1225,canceled,2014-12-05,2014-12-10,5.0,False,True
557,727,canceled,2014-12-07,2014-12-07,0.0,False,True
558,866,canceled,2014-12-07,2015-01-14,38.0,False,True
559,1201,canceled,2014-12-07,2015-01-14,38.0,False,True
560,982,canceled,2014-12-08,2014-12-09,1.0,False,True
561,193,canceled,2014-12-08,2015-04-01,114.0,False,True
562,193,current,2015-04-01,,,False,False
563,710,canceled,2014-12-08,2015-02-03,57.0,False,True
564,710,canceled,2015-02-03,2015-02-15,12.0,False,True
565,1273,canceled,2015-01-12,2015-01-12,0.0,False,True
566,1280,canceled,2015-01-12,2015-01-15,3.0,False,True
567,180,canceled,2015-01-12,2015-03-10,57.0,False,True
568,180,current,2015-04-08,,,False,False
569,180,canceled,2015-03-10,2015-04-08,29.0,False,True
570,722,canceled,2015-01-12,2015-03-10,57.0,False,True
571,722,canceled,2015-03-10,2015-05-19,70.0,False,True
572,125,current,2015-01-13,,,False,False
573,954,canceled,2015-01-14,2015-03-10,55.0,False,True
574,954,canceled,2015-03-10,2015-04-02,23.0,False,True
575,954,canceled,2014-11-10,2015-01-14,65.0,False,True
576,140,current,2015-01-14,,,False,False
577,140,canceled,2014-11-10,2015-01-14,65.0,False,True
578,1139,canceled,2015-01-14,2015-01-16,2.0,False,True
579,1139,canceled,2015-01-16,2015-02-18,33.0,False,True
580,1139,canceled,2014-11-11,2015-01-14,64.0,False,True
581,388,current,2015-02-03,,,False,False
582,388,canceled,2014-12-08,2015-02-03,57.0,False,True
583,147,current,2015-02-03,,,False,False
584,147,canceled,2014-12-03,2015-02-03,62.0,False,True
585,119,canceled,2015-02-03,2015-04-08,64.0,False,True
586,119,current,2015-04-08,,,False,False
587,119,canceled,2014-12-03,2015-02-03,62.0,False,True
588,97,canceled,2015-02-05,2015-04-08,62.0,False,True
589,97,current,2015-04-08,,,False,False
590,962,canceled,2015-02-05,2015-02-06,1.0,False,True
591,962,canceled,2014-12-04,2014-12-05,1.0,False,True
592,984,canceled,2015-02-05,2015-03-12,35.0,False,True
593,984,current,2015-08-13,,,False,False
594,444,canceled,2015-02-05,2015-04-08,62.0,False,True
595,444,current,2015-04-08,,,False,False
596,444,canceled,2014-12-04,2014-12-06,2.0,False,True
597,493,current,2015-02-05,,,False,False
598,435,current,2015-02-06,,,False,False
599,386,canceled,2015-02-06,2015-04-08,61.0,False,True
600,386,canceled,2015-04-08,2015-06-13,66.0,False,True
601,386,canceled,2015-01-13,2015-01-17,4.0,False,True
602,156,current,2014-11-10,,,False,False
603,649,canceled,2014-11-10,2015-03-17,127.0,False,True
604,145,current,2014-11-10,,,False,False
605,420,current,2014-11-10,,,False,False
606,582,current,2014-11-10,,,False,False
607,165,canceled,2014-11-10,2015-03-17,127.0,False,True
608,580,canceled,2014-11-10,2015-07-17,249.0,False,True
609,919,canceled,2014-11-10,2015-03-17,127.0,False,True
610,90,canceled,2014-11-10,2015-03-10,120.0,False,True
611,90,canceled,2015-03-10,2015-04-01,22.0,False,True
612,90,current,2015-04-01,,,False,False
613,312,canceled,2014-11-10,2015-03-10,120.0,True,True
614,312,canceled,2015-03-10,2015-04-01,22.0,True,True
615,312,canceled,2015-04-01,2015-07-02,92.0,True,True
616,312,current,2015-07-08,,,True,False
617,864,canceled,2014-11-10,2014-11-19,9.0,False,True
618,963,canceled,2014-11-10,2014-11-14,4.0,False,True
619,328,current,2014-11-10,,,False,False
620,1122,canceled,2014-11-10,2014-11-17,7.0,False,True
621,626,canceled,2014-11-10,2014-11-19,9.0,False,True
622,626,canceled,2015-03-04,2015-05-11,68.0,False,True
623,1238,canceled,2014-11-10,2014-11-10,0.0,False,True
624,1117,canceled,2014-11-11,2015-01-15,65.0,False,True
625,187,canceled,2014-11-12,2015-04-19,158.0,False,True
626,617,current,2014-11-12,,,False,False
627,547,canceled,2015-02-03,2015-08-16,194.0,False,True
628,547,canceled,2014-12-09,2015-02-03,56.0,False,True
629,159,canceled,2015-02-05,2015-02-12,7.0,False,True
630,159,canceled,2014-12-09,2015-02-03,56.0,False,True
631,159,current,2015-02-12,,,False,False
632,561,current,2015-02-05,,,False,False
633,1226,canceled,2015-02-05,2015-04-08,62.0,False,True
634,1226,canceled,2015-04-08,2015-05-12,34.0,False,True
635,352,current,2015-02-05,,,False,False
636,374,current,2015-02-06,,,False,False
637,857,canceled,2015-02-06,2015-04-08,61.0,False,True
638,857,current,2015-04-08,,,False,False
639,1044,canceled,2015-02-08,2015-02-08,0.0,False,True
640,143,canceled,2015-02-09,2015-06-16,127.0,False,True
641,138,canceled,2015-02-10,2015-04-08,57.0,False,True
642,138,current,2015-04-08,,,False,False
643,952,canceled,2015-02-11,2015-03-18,35.0,False,True
644,716,canceled,2015-02-11,2015-02-15,4.0,False,True
645,1233,canceled,2015-02-11,2015-02-16,5.0,False,True
646,416,canceled,2015-02-11,2015-02-16,5.0,False,True
647,416,canceled,2015-04-08,2015-07-15,98.0,False,True
648,477,canceled,2015-03-04,2015-07-11,129.0,False,True
649,132,canceled,2015-03-04,2015-06-11,99.0,False,True
650,624,canceled,2015-03-04,2015-06-26,114.0,False,True
651,50,current,2015-03-04,,,False,False
652,1297,canceled,2015-03-04,2015-03-09,5.0,False,True
653,1297,canceled,2015-02-05,2015-02-08,3.0,False,True
654,749,canceled,2015-03-05,2015-03-05,0.0,False,True
655,1247,canceled,2015-03-05,2015-04-12,38.0,False,True
656,607,current,2015-03-05,,,False,False
657,971,canceled,2015-02-06,2015-02-08,2.0,False,True
658,251,canceled,2015-02-06,2015-04-08,61.0,False,True
659,251,current,2015-04-08,,,False,False
660,709,canceled,2015-02-08,2015-03-15,35.0,False,True
661,564,canceled,2015-02-08,2015-04-08,59.0,False,True
662,564,current,2015-04-08,,,False,False
663,741,canceled,2015-02-09,2015-02-15,6.0,False,True
664,70,current,2015-02-09,,,False,False
665,792,canceled,2015-02-09,2015-06-16,127.0,False,True
666,494,current,2015-02-09,,,False,False
667,494,canceled,2014-11-10,2014-11-17,7.0,False,True
668,833,canceled,2015-02-09,2015-03-03,22.0,False,True
669,603,current,2015-02-09,,,False,False
670,307,current,2015-02-10,,,False,False
671,337,current,2015-02-10,,,False,False
672,823,canceled,2015-02-10,2015-04-08,57.0,False,True
673,823,canceled,2015-04-08,2015-05-17,39.0,False,True
674,30,current,2015-02-10,,,False,False
675,82,current,2015-03-05,,,False,False
676,348,current,2015-03-05,,,False,False
677,348,canceled,2015-02-05,2015-02-27,22.0,False,True
678,1097,canceled,2015-03-05,2015-03-11,6.0,False,True
679,139,current,2015-03-06,,,False,False
680,1129,canceled,2015-03-07,2015-03-07,0.0,False,True
681,1129,canceled,2015-02-11,2015-02-11,0.0,False,True
682,185,canceled,2014-11-12,2015-03-10,118.0,False,True
683,185,canceled,2015-03-10,2015-04-01,22.0,False,True
684,185,current,2015-04-01,,,False,False
685,281,current,2014-11-14,,,False,False
686,855,canceled,2014-11-14,2014-12-21,37.0,False,True
687,683,canceled,2014-11-14,2014-11-15,1.0,False,True
688,1041,canceled,2014-11-15,2014-11-21,6.0,False,True
689,908,canceled,2014-11-15,2014-11-16,1.0,False,True
690,191,canceled,2014-11-16,2015-03-10,114.0,False,True
691,191,current,2015-03-10,,,False,False
692,261,canceled,2014-11-16,2015-02-23,99.0,False,True
693,1017,canceled,2014-11-16,2014-11-20,4.0,False,True
694,415,canceled,2014-11-16,2015-03-10,114.0,False,True
695,415,current,2015-03-10,,,False,False
696,868,canceled,2014-11-16,2014-12-08,22.0,False,True
697,935,canceled,2014-11-16,2014-11-23,7.0,False,True
698,719,canceled,2014-11-17,2014-11-25,8.0,False,True
699,974,canceled,2014-12-08,2014-12-12,4.0,False,True
700,668,canceled,2014-12-09,2014-12-15,6.0,False,True
701,668,canceled,2015-01-13,2015-01-20,7.0,False,True
702,1180,canceled,2014-12-09,2014-12-13,4.0,False,True
703,1027,canceled,2014-12-09,2014-12-13,4.0,False,True
704,836,canceled,2014-12-09,2015-01-16,38.0,False,True
705,836,current,2015-07-16,,,False,False
706,319,current,2014-12-30,,,False,False
707,108,canceled,2015-01-07,2015-04-20,103.0,False,True
708,108,canceled,2015-04-20,2015-05-14,24.0,False,True
709,285,canceled,2015-01-07,2015-03-10,62.0,False,True
710,285,current,2015-03-10,,,False,False
711,1008,canceled,2015-01-07,2015-01-14,7.0,False,True
712,71,canceled,2015-01-07,2015-01-13,6.0,False,True
713,71,canceled,2015-02-11,2015-02-18,7.0,False,True
714,71,current,2015-04-07,,,False,False
715,1073,current,2015-01-07,,,False,False
716,842,canceled,2015-01-07,2015-01-09,2.0,False,True
717,818,canceled,2015-01-07,2015-01-12,5.0,True,True
718,421,current,2015-01-08,,,False,False
719,698,canceled,2015-01-08,2015-02-15,38.0,False,True
720,9,current,2015-01-08,,,False,False
721,144,canceled,2015-01-09,2015-01-10,1.0,False,True
722,144,current,2015-03-06,,,False,False
723,427,canceled,2015-01-09,2015-06-16,158.0,False,True
724,1212,canceled,2015-01-10,2015-02-01,22.0,False,True
725,1212,canceled,2015-07-19,2015-07-27,8.0,False,True
726,1140,canceled,2015-01-10,2015-02-17,38.0,False,True
727,344,current,2015-01-11,,,False,False
728,517,current,2015-03-06,,,False,False
729,703,canceled,2015-03-06,2015-03-09,3.0,False,True
730,505,canceled,2015-03-07,2015-05-14,68.0,False,True
731,171,canceled,2015-03-08,2015-06-15,99.0,False,True
732,586,current,2015-03-10,,,False,False
733,492,current,2015-03-10,,,False,False
734,1102,canceled,2015-03-10,2015-04-08,29.0,False,True
735,1102,canceled,2015-01-08,2015-03-10,61.0,False,True
736,1102,canceled,2015-04-08,2015-06-15,68.0,False,True
737,1287,canceled,2015-03-10,2015-05-20,71.0,False,True
738,1287,canceled,2015-01-13,2015-03-10,56.0,False,True
739,1254,canceled,2015-03-10,2015-03-17,7.0,False,True
740,1254,canceled,2015-01-10,2015-03-10,59.0,False,True
741,1259,current,2015-03-10,,,False,False
742,1259,canceled,2015-01-13,2015-03-10,56.0,False,True
743,1128,canceled,2015-03-11,2015-06-18,99.0,False,True
744,149,current,2015-03-11,,,False,False
745,78,current,2015-04-01,,,False,False
746,78,canceled,2014-12-08,2015-04-01,114.0,False,True
747,558,current,2015-04-01,,,False,False
748,558,canceled,2014-12-03,2015-04-01,119.0,False,True
749,153,canceled,2015-04-01,2015-07-14,104.0,False,True
750,153,canceled,2014-12-07,2015-04-01,115.0,False,True
751,473,canceled,2015-04-01,2015-04-15,14.0,False,True
752,473,canceled,2014-12-08,2015-04-01,114.0,False,True
753,246,current,2015-04-01,,,False,False
754,455,current,2015-04-01,,,False,False
755,1294,canceled,2015-03-10,2015-03-16,6.0,False,True
756,1294,canceled,2015-04-08,2015-04-09,1.0,False,True
757,106,current,2015-03-10,,,False,False
758,106,canceled,2014-11-11,2015-03-10,119.0,False,True
759,74,canceled,2015-03-10,2015-04-01,22.0,False,True
760,74,canceled,2015-04-01,2015-04-23,22.0,False,True
761,74,canceled,2014-11-15,2015-03-10,115.0,False,True
762,591,canceled,2015-03-10,2015-04-01,22.0,False,True
763,591,current,2015-04-01,,,False,False
764,591,canceled,2014-11-12,2015-03-10,118.0,False,True
765,419,canceled,2015-03-10,2015-08-08,151.0,False,True
766,419,canceled,2014-11-17,2015-03-10,113.0,False,True
767,31,current,2015-03-10,,,False,False
768,31,canceled,2014-11-10,2015-03-10,120.0,False,True
769,69,canceled,2015-03-10,2015-05-24,75.0,False,True
770,69,canceled,2014-11-17,2015-03-10,113.0,False,True
771,906,current,2015-03-10,,,False,False
772,906,canceled,2014-11-17,2015-03-10,113.0,False,True
773,601,current,2015-03-10,,,False,False
774,601,canceled,2014-11-10,2015-03-10,120.0,False,True
775,321,canceled,2015-03-10,2015-07-07,119.0,False,True
776,321,current,2015-07-09,,,False,False
777,321,canceled,2014-11-15,2015-03-10,115.0,False,True
778,99,canceled,2015-03-10,2015-08-20,163.0,False,True
779,99,canceled,2015-01-13,2015-03-10,56.0,False,True
780,1103,canceled,2015-03-10,2015-07-20,132.0,False,True
781,1103,canceled,2015-01-13,2015-03-10,56.0,False,True
782,685,canceled,2015-03-10,2015-03-17,7.0,False,True
783,1066,canceled,2015-03-10,2015-05-02,53.0,False,True
784,659,canceled,2015-03-10,2015-03-15,5.0,False,True
785,571,current,2015-04-01,,,False,False
786,571,canceled,2014-12-08,2015-04-01,114.0,False,True
787,426,canceled,2015-04-01,2015-04-02,1.0,False,True
788,426,canceled,2015-05-07,2015-08-14,99.0,False,True
789,1267,current,2015-04-02,,,False,False
790,392,current,2015-04-02,,,False,False
791,98,canceled,2015-04-02,2015-07-09,98.0,False,True
792,578,current,2015-04-02,,,False,False
793,86,current,2015-04-02,,,False,False
794,158,current,2015-04-04,,,False,False
795,1193,canceled,2015-04-04,2015-04-07,3.0,False,True
796,757,canceled,2015-01-11,2015-02-18,38.0,False,True
797,151,canceled,2015-01-11,2015-04-02,81.0,False,True
798,642,current,2015-01-11,,,False,False
799,534,canceled,2015-01-12,2015-04-19,97.0,False,True
800,214,current,2015-01-12,,,False,False
801,597,canceled,2015-01-12,2015-07-19,188.0,False,True
802,1242,canceled,2015-01-12,2015-03-10,57.0,False,True
803,1242,current,2015-03-10,,,False,False
804,732,canceled,2015-01-12,2015-05-19,127.0,False,True
805,168,canceled,2015-01-12,2015-01-19,7.0,False,True
806,168,canceled,2015-02-05,2015-04-08,62.0,False,True
807,168,current,2015-04-08,,,False,False
808,657,canceled,2015-01-13,2015-03-10,56.0,False,True
809,657,canceled,2015-03-10,2015-03-20,10.0,False,True
810,152,current,2014-11-17,,,False,False
811,1166,canceled,2014-12-03,2014-12-10,7.0,False,True
812,539,current,2014-12-03,,,False,False
813,1132,canceled,2014-12-03,2014-12-08,5.0,False,True
814,959,canceled,2014-12-03,2014-12-08,5.0,False,True
815,831,canceled,2014-12-03,2015-01-10,38.0,False,True
816,1015,canceled,2014-12-03,2015-02-03,62.0,False,True
817,1251,current,2014-12-05,,,False,False
818,613,current,2014-12-05,,,False,False
819,1245,canceled,2014-12-05,2014-12-09,4.0,False,True
820,611,canceled,2014-12-08,2015-01-15,38.0,False,True
821,453,current,2014-12-08,,,False,False
822,62,canceled,2014-12-08,2015-07-15,219.0,False,True
823,380,current,2014-12-08,,,False,False
824,697,canceled,2014-12-08,2015-01-15,38.0,False,True
825,43,canceled,2014-12-08,2015-03-30,112.0,False,True
826,451,current,2015-04-01,,,False,False
827,1037,canceled,2015-04-02,2015-04-04,2.0,False,True
828,625,current,2015-04-02,,,False,False
829,769,canceled,2015-04-03,2015-04-25,22.0,False,True
830,1301,canceled,2015-04-03,2015-04-04,1.0,False,True
831,1123,canceled,2015-04-03,2015-05-10,37.0,False,True
832,1154,current,2015-04-05,,,False,False
833,853,canceled,2015-04-06,2015-04-06,0.0,False,True
834,853,current,2015-07-17,,,False,False
835,918,canceled,2015-04-06,2015-05-28,52.0,False,True
836,1248,canceled,2015-04-06,2015-05-13,37.0,False,True
837,1189,canceled,2015-04-07,2015-05-14,37.0,False,True
838,1285,canceled,2015-04-07,2015-05-14,37.0,False,True
839,1296,canceled,2015-04-07,2015-04-14,7.0,False,True
840,1296,canceled,2015-04-15,2015-04-15,0.0,False,True
841,1296,canceled,2015-04-06,2015-04-07,1.0,False,True
842,844,canceled,2015-04-07,2015-04-16,9.0,False,True
843,844,canceled,2015-05-06,2015-05-12,6.0,False,True
844,690,current,2015-04-08,,,False,False
845,690,canceled,2015-02-05,2015-04-08,62.0,False,True
846,424,current,2015-04-06,,,False,False
847,926,canceled,2015-04-06,2015-04-06,0.0,False,True
848,379,current,2015-04-07,,,False,False
849,379,canceled,2015-01-12,2015-01-12,0.0,False,True
850,1138,canceled,2015-04-07,2015-04-12,5.0,False,True
851,641,canceled,2015-04-07,2015-06-14,68.0,False,True
852,641,canceled,2014-12-09,2014-12-15,6.0,False,True
853,404,canceled,2015-04-07,2015-04-08,1.0,False,True
854,404,canceled,2015-04-08,2015-08-17,131.0,False,True
855,105,canceled,2015-04-07,2015-05-14,37.0,False,True
856,395,current,2015-04-08,,,False,False
857,1299,current,2015-04-08,,,False,False
858,1299,canceled,2015-02-05,2015-04-08,62.0,False,True
859,589,current,2015-04-08,,,False,False
860,589,canceled,2015-02-05,2015-04-08,62.0,False,True
861,793,canceled,2015-04-08,2015-04-17,9.0,False,True
862,793,canceled,2015-02-10,2015-04-08,57.0,False,True
863,433,current,2015-04-08,,,False,False
864,677,canceled,2015-04-08,2015-04-14,6.0,False,True
865,243,canceled,2015-04-09,2015-04-15,6.0,False,True
866,243,canceled,2014-11-16,2015-01-23,68.0,False,True
867,555,current,2015-04-09,,,False,False
868,1104,canceled,2015-04-10,2015-04-17,7.0,False,True
869,676,current,2015-04-13,,,False,False
870,127,current,2015-04-24,,,False,False
871,201,current,2015-04-24,,,False,False
872,396,current,2015-04-24,,,False,False
873,267,current,2015-04-24,,,False,False
874,240,current,2015-04-24,,,False,False
875,894,canceled,2015-05-06,2015-05-12,6.0,False,True
876,647,current,2015-05-06,,,False,False
877,1163,canceled,2015-05-06,2015-06-13,38.0,False,True
878,948,canceled,2015-05-06,2015-06-22,47.0,False,True
879,1202,canceled,2015-05-07,2015-06-14,38.0,False,True
880,559,current,2015-05-07,,,False,False
881,476,current,2015-05-08,,,False,False
882,970,canceled,2015-05-08,2015-05-14,6.0,False,True
883,970,canceled,2015-07-17,2015-07-23,6.0,False,True
884,711,canceled,2015-05-08,2015-05-08,0.0,False,True
885,790,canceled,2014-12-09,2014-12-15,6.0,False,True
886,867,canceled,2014-12-09,2014-12-31,22.0,False,True
887,516,canceled,2014-12-09,2014-12-11,2.0,False,True
888,516,current,2015-05-11,,,False,False
889,1292,canceled,2015-01-07,2015-05-14,127.0,False,True
890,77,current,2015-01-07,,,False,False
891,56,current,2015-01-07,,,False,False
892,93,canceled,2015-01-07,2015-04-14,97.0,False,True
893,207,current,2015-01-07,,,False,False
894,103,current,2015-01-07,,,False,False
895,460,canceled,2015-01-07,2015-05-05,118.0,False,True
896,460,current,2015-05-07,,,False,False
897,610,canceled,2015-01-07,2015-03-14,66.0,False,True
898,446,current,2015-01-07,,,False,False
899,232,current,2015-01-08,,,False,False
900,670,canceled,2015-01-08,2015-04-15,97.0,False,True
901,1134,canceled,2015-01-08,2015-01-09,1.0,False,True
902,515,current,2015-01-08,,,False,False
903,803,canceled,2015-01-08,2015-01-08,0.0,False,True
904,1141,canceled,2015-01-09,2015-01-15,6.0,False,True
905,59,current,2015-01-10,,,False,False
906,900,canceled,2015-01-10,2015-02-17,38.0,False,True
907,900,current,2015-05-11,,,False,False
908,774,canceled,2015-01-11,2015-01-15,4.0,False,True
909,1053,canceled,2015-01-11,2015-03-18,66.0,False,True
910,357,current,2015-01-11,,,False,False
911,934,canceled,2015-01-11,2015-02-18,38.0,False,True
912,746,canceled,2015-02-05,2015-03-12,35.0,False,True
913,279,canceled,2015-02-05,2015-04-08,62.0,False,True
914,279,current,2015-04-08,,,False,False
915,136,canceled,2015-02-05,2015-04-08,62.0,False,True
916,136,current,2015-04-08,,,False,False
917,1092,canceled,2015-02-05,2015-02-09,4.0,False,True
918,799,canceled,2015-02-06,2015-02-06,0.0,False,True
919,1042,canceled,2015-02-06,2015-02-28,22.0,False,True
920,1042,canceled,2015-05-28,2015-06-19,22.0,False,True
921,789,canceled,2015-02-06,2015-02-06,0.0,False,True
922,413,canceled,2015-02-06,2015-05-13,96.0,False,True
923,738,canceled,2015-02-07,2015-02-13,6.0,False,True
924,306,canceled,2015-02-08,2015-04-08,59.0,False,True
925,306,current,2015-04-08,,,False,False
926,436,current,2015-02-08,,,False,False
927,35,current,2015-02-08,,,False,False
928,463,current,2015-02-09,,,False,False
929,1105,canceled,2015-02-09,2015-02-13,4.0,False,True
930,284,canceled,2015-02-09,2015-04-08,58.0,False,True
931,284,current,2015-04-08,,,False,False
932,521,canceled,2015-02-09,2015-04-08,58.0,False,True
933,521,canceled,2015-04-08,2015-07-16,99.0,False,True
934,1229,canceled,2015-02-09,2015-02-12,3.0,False,True
935,1049,canceled,2015-02-10,2015-03-04,22.0,False,True
936,1198,canceled,2015-02-11,2015-02-15,4.0,False,True
937,1198,canceled,2015-03-04,2015-04-11,38.0,False,True
938,720,canceled,2015-03-04,2015-04-11,38.0,False,True
939,239,current,2015-03-04,,,False,False
940,819,canceled,2015-03-04,2015-03-04,0.0,False,True
941,819,canceled,2015-03-04,2015-03-04,0.0,False,True
942,958,canceled,2015-03-04,2015-06-07,95.0,False,True
943,718,canceled,2015-05-08,2015-06-19,42.0,False,True
944,475,current,2015-05-09,,,False,False
945,276,current,2015-05-10,,,False,False
946,608,current,2015-05-10,,,False,False
947,293,canceled,2015-05-10,2015-08-17,99.0,False,True
948,341,current,2015-05-10,,,False,False
949,501,current,2015-05-11,,,False,False
950,858,canceled,2015-05-12,2015-07-19,68.0,False,True
951,713,canceled,2015-05-12,2015-07-04,53.0,False,True
952,1040,canceled,2015-05-12,2015-06-19,38.0,False,True
953,1040,canceled,2014-11-11,2014-11-17,6.0,False,True
954,1305,canceled,2015-05-12,2015-06-19,38.0,False,True
955,1091,canceled,2015-05-12,2015-05-18,6.0,False,True
956,1192,canceled,2015-05-12,2015-05-17,5.0,False,True
957,25,current,2015-05-12,,,False,False
958,25,canceled,2014-11-11,2015-02-18,99.0,False,True
959,674,current,2015-05-12,,,False,False
960,734,canceled,2015-05-13,2015-05-17,4.0,False,True
961,988,canceled,2015-05-13,2015-07-20,68.0,False,True
962,771,current,2015-05-13,,,False,False
963,771,canceled,2014-12-09,2014-12-15,6.0,False,True
964,1016,canceled,2015-05-13,2015-05-19,6.0,False,True
965,877,canceled,2015-05-13,2015-06-04,22.0,False,True
966,63,current,2015-05-28,,,False,False
967,481,current,2015-05-28,,,False,False
968,902,canceled,2015-05-29,2015-05-29,0.0,False,True
969,996,canceled,2015-05-29,2015-05-29,0.0,False,True
970,42,current,2015-05-30,,,False,False
971,42,canceled,2015-03-04,2015-05-11,68.0,False,True
972,939,current,2015-04-24,,,False,False
973,11,current,2015-04-24,,,False,False
974,262,current,2015-04-24,,,False,False
975,167,current,2015-04-24,,,False,False
976,302,current,2015-04-24,,,False,False
977,551,current,2015-04-24,,,False,False
978,609,current,2015-04-24,,,False,False
979,109,current,2015-05-06,,,False,False
980,211,current,2015-05-06,,,False,False
981,274,current,2015-05-06,,,False,False
982,704,canceled,2015-05-06,2015-07-13,68.0,False,True
983,407,canceled,2015-05-06,2015-08-13,99.0,False,True
984,360,current,2015-05-06,,,False,False
985,540,current,2015-05-08,,,False,False
986,1173,current,2015-05-08,,,False,False
987,886,canceled,2015-05-08,2015-05-13,5.0,False,True
988,112,current,2015-05-08,,,False,False
989,479,current,2015-05-09,,,False,False
990,1275,canceled,2015-05-09,2015-05-11,2.0,False,True
991,237,current,2015-05-10,,,False,False
992,487,current,2015-05-10,,,False,False
993,304,current,2015-05-10,,,False,False
994,330,current,2015-05-10,,,False,False
995,1250,current,2015-05-11,,,False,False
996,27,current,2015-05-11,,,False,False
997,1064,canceled,2015-05-11,2015-05-12,1.0,False,True
998,714,canceled,2015-05-11,2015-05-14,3.0,False,True
999,714,canceled,2015-07-09,2015-07-12,3.0,False,True
1000,260,current,2015-05-11,,,False,False
1001,511,current,2015-05-11,,,False,False
1002,1029,canceled,2015-05-12,2015-07-04,53.0,False,True
1003,399,current,2015-05-12,,,False,False
1004,977,current,2015-05-12,,,False,False
1005,556,current,2015-05-12,,,False,False
1006,1265,current,2015-05-12,,,False,False
1007,1265,canceled,2015-04-08,2015-04-14,6.0,False,True
1008,252,current,2015-05-12,,,False,False
1009,1213,canceled,2015-01-12,2015-01-12,0.0,False,True
1010,991,canceled,2015-01-12,2015-01-18,6.0,False,True
1011,733,canceled,2015-01-12,2015-01-12,0.0,False,True
1012,1240,canceled,2015-01-12,2015-01-19,7.0,False,True
1013,1195,canceled,2015-01-13,2015-01-16,3.0,False,True
1014,945,canceled,2015-01-13,2015-01-17,4.0,False,True
1015,100,current,2015-02-05,,,False,False
1016,313,current,2015-02-05,,,False,False
1017,465,canceled,2015-02-05,2015-08-12,188.0,False,True
1018,615,current,2015-03-05,,,False,False
1019,372,current,2015-03-06,,,False,False
1020,614,current,2015-03-06,,,False,False
1021,1045,canceled,2015-03-06,2015-03-12,6.0,False,True
1022,208,canceled,2015-03-08,2015-06-15,99.0,False,True
1023,944,canceled,2015-03-10,2015-03-12,2.0,False,True
1024,652,current,2015-03-10,,,False,False
1025,1168,canceled,2015-03-10,2015-03-16,6.0,False,True
1026,1260,canceled,2015-03-11,2015-05-18,68.0,False,True
1027,1194,canceled,2015-03-11,2015-07-08,119.0,False,True
1028,361,canceled,2015-05-13,2015-06-20,38.0,False,True
1029,1185,current,2015-05-13,,,False,False
1030,490,current,2015-05-13,,,False,False
1031,365,current,2015-05-13,,,False,False
1032,1237,canceled,2015-05-28,2015-05-28,0.0,False,True
1033,220,current,2015-05-29,,,False,False
1034,220,canceled,2015-04-07,2015-05-29,52.0,False,True
1035,124,current,2015-05-31,,,False,False
1036,1069,canceled,2015-06-01,2015-06-01,0.0,True,True
1037,814,canceled,2015-06-02,2015-06-07,5.0,False,True
1038,496,current,2015-06-03,,,False,False
1039,405,current,2015-06-04,,,False,False
1040,405,canceled,2015-06-03,2015-06-04,1.0,False,True
1041,452,current,2015-06-04,,,False,False
1042,318,current,2015-06-05,,,False,False
1043,266,current,2015-06-06,,,False,False
1044,219,current,2015-06-06,,,False,False
1045,83,current,2015-06-06,,,False,False
1046,1266,canceled,2015-06-07,2015-06-16,9.0,False,True
1047,121,current,2015-06-07,,,False,False
1048,679,canceled,2015-06-08,2015-06-13,5.0,False,True
1049,459,current,2015-06-08,,,False,False
1050,735,canceled,2015-06-08,2015-06-09,1.0,False,True
1051,735,canceled,2015-04-14,2015-05-21,37.0,False,True
1052,1032,current,2015-06-08,,,False,False
1053,1093,canceled,2015-06-08,2015-06-11,3.0,False,True
1054,128,current,2015-06-08,,,False,False
1055,978,canceled,2015-06-09,2015-06-14,5.0,False,True
1056,1031,current,2015-06-09,,,False,False
1057,673,current,2015-06-01,,,False,False
1058,663,canceled,2015-06-02,2015-06-09,7.0,False,True
1059,663,canceled,2015-06-09,2015-06-15,6.0,False,True
1060,843,current,2015-06-02,,,False,False
1061,216,current,2015-06-02,,,False,False
1062,731,canceled,2015-06-03,2015-06-07,4.0,False,True
1063,554,current,2015-06-07,,,False,False
1064,1183,canceled,2015-06-08,2015-06-30,22.0,False,True
1065,1183,canceled,2015-07-17,2015-08-08,22.0,False,True
1066,1183,canceled,2015-05-11,2015-06-02,22.0,False,True
1067,133,current,2015-06-08,,,False,False
1068,887,current,2015-06-08,,,False,False
1069,248,current,2015-06-09,,,False,False
1070,629,current,2015-06-09,,,False,False
1071,478,current,2015-06-09,,,False,False
1072,804,canceled,2015-06-09,2015-07-16,37.0,False,True
1073,721,canceled,2015-06-09,2015-06-16,7.0,False,True
1074,721,canceled,2015-07-09,2015-07-15,6.0,False,True
1075,1086,canceled,2015-06-09,2015-06-09,0.0,False,True
1076,951,canceled,2015-07-08,2015-07-11,3.0,False,True
1077,1096,canceled,2015-07-08,2015-07-15,7.0,False,True
1078,1096,current,2015-07-15,,,False,False
1079,163,current,2015-07-09,,,False,False
1080,1169,canceled,2015-07-10,2015-07-17,7.0,False,True
1081,1126,canceled,2015-07-10,2015-07-15,5.0,False,True
1082,813,canceled,2015-07-11,2015-07-17,6.0,False,True
1083,1208,canceled,2015-02-05,2015-03-13,36.0,False,True
1084,1207,canceled,2015-02-06,2015-02-28,22.0,False,True
1085,602,canceled,2015-02-06,2015-08-13,188.0,False,True
1086,1153,canceled,2015-02-06,2015-03-13,35.0,False,True
1087,605,current,2015-02-06,,,False,False
1088,1210,canceled,2015-02-07,2015-03-14,35.0,False,True
1089,916,canceled,2015-02-08,2015-04-15,66.0,False,True
1090,381,current,2015-02-09,,,False,False
1091,666,canceled,2015-02-09,2015-04-16,66.0,False,True
1092,26,current,2015-02-11,,,False,False
1093,508,current,2015-03-04,,,False,False
1094,509,current,2015-03-05,,,False,False
1095,753,canceled,2015-03-05,2015-04-12,38.0,False,True
1096,1190,canceled,2015-03-06,2015-03-06,0.0,False,True
1097,141,canceled,2015-03-07,2015-05-14,68.0,False,True
1098,432,current,2015-03-09,,,False,False
1099,375,current,2015-03-09,,,False,False
1100,183,current,2015-04-01,,,False,False
1101,400,current,2015-04-01,,,False,False
1102,585,current,2015-04-01,,,False,False
1103,13,current,2015-04-01,,,False,False
1104,205,current,2015-04-01,,,False,False
1105,914,canceled,2015-04-02,2015-04-02,0.0,False,True
1106,914,canceled,2015-07-17,2015-07-17,0.0,False,True
1107,593,current,2015-04-02,,,False,False
1108,437,current,2015-04-02,,,False,False
1109,468,current,2015-04-02,,,False,False
1110,729,canceled,2015-04-03,2015-04-25,22.0,False,True
1111,22,current,2015-04-03,,,False,False
1112,449,current,2015-04-03,,,False,False
1113,482,current,2015-04-03,,,False,False
1114,349,current,2015-04-03,,,False,False
1115,994,canceled,2015-04-05,2015-04-06,1.0,False,True
1116,1089,canceled,2015-04-06,2015-05-13,37.0,False,True
1117,651,canceled,2015-04-06,2015-06-13,68.0,False,True
1118,1054,canceled,2015-04-07,2015-08-14,129.0,False,True
1119,289,canceled,2015-04-07,2015-07-14,98.0,False,True
1120,796,canceled,2015-04-07,2015-04-16,9.0,False,True
1121,104,current,2015-04-10,,,False,False
1122,286,current,2015-07-08,,,False,False
1123,812,current,2015-07-09,,,False,False
1124,462,current,2015-07-09,,,False,False
1125,1001,current,2015-07-09,,,False,False
1126,213,current,2015-07-14,,,False,False
1127,359,current,2015-07-15,,,False,False
1128,915,canceled,2015-07-16,2015-07-22,6.0,False,True
1129,21,current,2015-07-17,,,False,False
1130,633,current,2015-07-17,,,False,False
1131,1279,canceled,2015-07-17,2015-07-22,5.0,False,True
1132,1279,canceled,2015-07-17,2015-07-17,0.0,False,True
1133,1179,canceled,2015-07-17,2015-07-22,5.0,False,True
1134,1205,canceled,2015-07-17,2015-08-05,19.0,False,True
1135,850,canceled,2015-07-18,2015-07-22,4.0,False,True
1136,1256,canceled,2015-07-18,2015-07-24,6.0,False,True
1137,1014,current,2015-07-18,,,False,False
1138,1258,canceled,2015-07-15,2015-07-21,6.0,False,True
1139,40,current,2015-07-15,,,False,False
1140,1216,current,2015-07-16,,,False,False
1141,1131,current,2015-07-16,,,False,False
1142,1150,current,2015-07-16,,,False,False
1143,403,current,2015-07-16,,,False,False
1144,773,current,2015-07-17,,,False,False
1145,968,canceled,2015-07-17,2015-07-17,0.0,False,True
1146,662,canceled,2015-07-17,2015-07-21,4.0,False,True
1147,1155,canceled,2015-07-17,2015-07-17,0.0,False,True
1148,856,canceled,2015-07-18,2015-08-09,22.0,False,True
1149,848,canceled,2015-08-11,2015-08-14,3.0,False,True
1150,848,canceled,2015-03-06,2015-03-11,5.0,False,True
1151,305,current,2015-03-10,,,False,False
1152,768,canceled,2015-03-10,2015-03-11,1.0,False,True
1153,485,current,2015-03-10,,,False,False
1154,464,current,2015-04-01,,,False,False
1155,340,current,2015-04-01,,,False,False
1156,788,canceled,2015-04-01,2015-04-06,5.0,False,True
1157,75,current,2015-04-01,,,False,False
1158,786,canceled,2015-04-02,2015-05-09,37.0,False,True
1159,1072,current,2015-04-02,,,False,False
1160,588,current,2015-04-02,,,False,False
1161,291,current,2015-04-02,,,False,False
1162,1264,canceled,2015-04-02,2015-06-09,68.0,False,True
1163,830,canceled,2015-04-03,2015-04-06,3.0,False,True
1164,1088,canceled,2015-04-03,2015-04-25,22.0,False,True
1165,723,canceled,2015-04-03,2015-04-06,3.0,False,True
1166,536,current,2015-04-24,,,False,False
1167,107,current,2015-04-24,,,False,False
1168,353,current,2015-04-24,,,False,False
1169,146,current,2015-04-24,,,False,False
1170,466,current,2015-05-06,,,False,False
1171,811,canceled,2015-05-06,2015-06-13,38.0,False,True
1172,825,canceled,2015-05-06,2015-05-06,0.0,False,True
1173,825,canceled,2015-05-09,2015-06-16,38.0,False,True
1174,484,current,2015-05-07,,,False,False
1175,1055,canceled,2015-05-08,2015-07-15,68.0,False,True
1176,192,current,2015-05-09,,,False,False
1177,766,canceled,2015-05-10,2015-05-10,0.0,False,True
1178,398,current,2015-05-11,,,False,False
1179,1215,canceled,2015-05-11,2015-07-18,68.0,False,True
1180,20,current,2015-05-11,,,False,False
1181,1030,canceled,2015-05-11,2015-07-18,68.0,False,True
1182,955,canceled,2015-05-11,2015-08-18,99.0,False,True
1183,995,canceled,2015-05-11,2015-05-18,7.0,False,True
1184,200,current,2015-05-12,,,False,False
1185,665,current,2015-05-12,,,False,False
1186,815,canceled,2015-05-12,2015-05-18,6.0,False,True
1187,1263,current,2015-08-16,,,False,False
1188,1136,current,2015-08-18,,,False,False
1189,1144,current,2015-08-18,,,False,False
1190,142,current,2015-08-19,,,False,False
1191,142,canceled,2015-01-12,2015-08-03,203.0,False,True
1192,1228,current,2015-08-19,,,False,False
1193,967,current,2015-08-21,,,False,False
1194,754,current,2015-08-21,,,False,False
1195,851,current,2015-08-22,,,False,False
1196,990,current,2015-08-23,,,False,False
1197,1039,canceled,2015-07-19,2015-07-19,0.0,False,True
1198,1039,canceled,2015-08-12,2015-08-16,4.0,False,True
1199,950,current,2015-07-19,,,False,False
1200,1087,current,2015-07-20,,,False,False
1201,1018,canceled,2015-07-20,2015-07-26,6.0,False,True
1202,993,canceled,2015-08-11,2015-08-17,6.0,False,True
1203,699,canceled,2015-08-11,2015-08-18,7.0,False,True
1204,940,current,2015-08-13,,,False,False
1205,940,canceled,2015-07-17,2015-07-23,6.0,False,True
1206,1162,canceled,2015-08-14,2015-08-19,5.0,False,True
1207,986,current,2015-08-15,,,False,False
1208,784,current,2015-08-17,,,False,False
1209,893,current,2015-08-18,,,False,False
1210,840,current,2015-08-21,,,False,False
1211,975,current,2015-08-23,,,False,False
1212,1038,canceled,2015-04-04,2015-04-26,22.0,False,True
1213,739,canceled,2015-04-05,2015-04-05,0.0,False,True
1214,1046,canceled,2015-04-05,2015-04-07,2.0,False,True
1215,1170,canceled,2015-04-05,2015-07-12,98.0,False,True
1216,1268,canceled,2015-04-06,2015-05-28,52.0,False,True
1217,706,canceled,2015-04-07,2015-07-14,98.0,False,True
1218,1222,canceled,2015-04-07,2015-04-07,0.0,False,True
1219,936,canceled,2015-04-07,2015-04-12,5.0,False,True
1220,632,current,2015-04-07,,,False,False
1221,606,canceled,2015-04-08,2015-06-15,68.0,False,True
1222,117,current,2015-04-08,,,False,False
1223,863,canceled,2015-04-10,2015-04-12,2.0,False,True
1224,94,current,2015-04-24,,,False,False
1225,299,current,2015-04-24,,,False,False
1226,574,current,2015-04-24,,,False,False
1227,212,current,2015-04-24,,,False,False
1228,401,current,2015-04-24,,,False,False
1229,387,current,2015-04-24,,,False,False
1230,1113,current,2015-05-06,,,False,False
1231,382,current,2015-05-06,,,False,False
1232,8,current,2015-05-06,,,False,False
1233,1,current,2015-05-06,,,False,False
1234,184,current,2015-05-12,,,False,False
1235,61,current,2015-05-12,,,False,False
1236,669,canceled,2015-05-12,2015-07-19,68.0,False,True
1237,596,current,2015-05-12,,,False,False
1238,7,current,2015-05-12,,,False,False
1239,41,current,2015-05-13,,,False,False
1240,513,current,2015-05-28,,,False,False
1241,545,current,2015-05-28,,,False,False
1242,572,current,2015-05-28,,,False,False
1243,199,current,2015-05-30,,,False,False
1244,1125,canceled,2015-05-31,2015-05-31,0.0,False,True
1245,569,canceled,2015-06-02,2015-08-09,68.0,False,True
1246,14,current,2015-06-03,,,False,False
1247,646,current,2015-06-04,,,False,False
1248,708,canceled,2015-06-05,2015-06-05,0.0,False,True
1249,708,canceled,2015-06-05,2015-06-10,5.0,False,True
1250,6,current,2015-06-05,,,False,False
1251,619,current,2015-06-06,,,False,False
1252,912,canceled,2015-06-06,2015-08-13,68.0,False,True
1253,456,current,2015-06-07,,,False,False
1254,1025,canceled,2015-06-07,2015-06-07,0.0,False,True
1255,80,current,2015-06-07,,,False,False
1256,763,canceled,2015-06-08,2015-06-14,6.0,False,True
1257,116,current,2015-05-06,,,False,False
1258,89,current,2015-05-07,,,False,False
1259,471,current,2015-05-07,,,False,False
1260,1002,current,2015-05-07,,,False,False
1261,154,current,2015-05-09,,,False,False
1262,58,current,2015-05-09,,,False,False
1263,406,current,2015-05-10,,,False,False
1264,1062,canceled,2015-05-10,2015-06-17,38.0,False,True
1265,1282,current,2015-05-10,,,False,False
1266,162,current,2015-05-11,,,False,False
1267,242,current,2015-05-11,,,False,False
1268,235,current,2015-05-11,,,False,False
1269,928,current,2015-05-11,,,False,False
1270,1151,current,2015-05-11,,,False,False
1271,249,current,2015-05-12,,,False,False
1272,621,current,2015-05-12,,,False,False
1273,656,current,2015-05-12,,,False,False
1274,497,current,2015-05-12,,,False,False
1275,73,current,2015-05-28,,,False,False
1276,1184,canceled,2015-05-29,2015-06-04,6.0,False,True
1277,290,current,2015-05-30,,,False,False
1278,1290,current,2015-06-02,,,False,False
1279,294,current,2015-06-04,,,False,False
1280,826,canceled,2015-06-05,2015-06-09,4.0,False,True
1281,750,canceled,2015-06-06,2015-06-06,0.0,False,True
1282,573,current,2015-06-07,,,False,False
1283,1081,current,2015-06-08,,,False,False
1284,956,canceled,2015-06-08,2015-08-15,68.0,False,True
1285,1172,canceled,2015-06-09,2015-06-10,1.0,False,True
1286,1036,current,2015-06-09,,,False,False
1287,1084,canceled,2015-07-08,2015-07-15,7.0,False,True
1288,827,canceled,2015-07-08,2015-07-12,4.0,False,True
1289,271,current,2015-07-08,,,False,False
1290,317,current,2015-07-09,,,False,False
1291,1257,current,2015-07-09,,,False,False
1292,326,current,2015-07-09,,,False,False
1293,783,canceled,2015-07-13,2015-07-19,6.0,False,True
1294,748,current,2015-06-08,,,False,False
1295,777,canceled,2015-06-08,2015-08-15,68.0,False,True
1296,910,canceled,2015-06-08,2015-06-15,7.0,False,True
1297,296,current,2015-06-08,,,False,False
1298,628,current,2015-06-09,,,False,False
1299,1262,current,2015-06-09,,,False,False
1300,531,current,2015-07-08,,,False,False
1301,947,canceled,2015-07-08,2015-07-13,5.0,False,True
1302,1209,current,2015-07-09,,,False,False
1303,498,current,2015-07-09,,,False,False
1304,1197,canceled,2015-07-09,2015-07-11,2.0,False,True
1305,430,current,2015-07-10,,,False,False
1306,694,current,2015-07-10,,,False,False
1307,238,current,2015-07-13,,,False,False
1308,48,current,2015-07-16,,,False,False
1309,47,current,2015-07-16,,,False,False
1310,29,current,2015-07-16,,,False,False
1311,885,current,2015-07-16,,,False,False
1312,164,current,2015-07-16,,,False,False
1313,1080,current,2015-07-17,,,False,False
1314,402,canceled,2015-01-12,2015-03-10,57.0,False,True
1315,402,current,2015-03-10,,,False,False
1316,15,canceled,2015-01-12,2015-01-17,5.0,False,True
1317,15,canceled,2015-03-04,2015-08-11,160.0,False,True
1318,87,current,2015-01-12,,,False,False
1319,724,canceled,2015-01-12,2015-01-18,6.0,False,True
1320,134,canceled,2015-02-05,2015-06-12,127.0,False,True
1321,1033,canceled,2015-02-06,2015-08-13,188.0,False,True
1322,782,current,2015-07-17,,,False,False
1323,979,current,2015-07-17,,,False,False
1324,849,canceled,2015-07-17,2015-07-19,2.0,False,True
1325,898,canceled,2015-07-18,2015-07-24,6.0,False,True
1326,1302,current,2015-07-18,,,False,False
1327,879,canceled,2015-07-18,2015-07-24,6.0,False,True
1328,687,current,2015-07-20,,,False,False
1329,924,current,2015-08-11,,,False,False
1330,946,current,2015-08-11,,,False,False
1331,889,canceled,2015-08-11,2015-08-11,0.0,False,True
1332,805,current,2015-08-11,,,False,False
1333,552,current,2015-08-14,,,False,False
1334,1028,current,2015-08-21,,,False,False
1335,1034,canceled,2015-07-15,2015-07-20,5.0,False,True
1336,1159,canceled,2015-07-16,2015-07-21,5.0,False,True
1337,1003,canceled,2015-07-16,2015-07-20,4.0,False,True
1338,122,current,2015-07-17,,,False,False
1339,39,current,2015-07-17,,,False,False
1340,775,canceled,2015-07-17,2015-07-24,7.0,False,True
1341,393,current,2015-07-18,,,False,False
1342,1147,current,2015-07-19,,,False,False
1343,325,current,2015-07-19,,,False,False
1344,883,current,2015-07-19,,,False,False
1345,1224,current,2015-07-20,,,False,False
1346,332,current,2015-08-11,,,False,False
1347,443,current,2014-11-10,,,False,False
1348,309,current,2014-11-10,,,False,False
1349,512,canceled,2014-11-10,2015-03-17,127.0,False,True
1350,821,canceled,2014-11-10,2014-11-16,6.0,False,True
1351,230,current,2014-11-10,,,False,False
1352,301,current,2014-11-10,,,False,False
1353,760,canceled,2014-11-10,2014-11-13,3.0,False,True
1354,506,current,2014-11-10,,,False,False
1355,1243,canceled,2014-11-10,2014-11-18,8.0,False,True
1356,737,canceled,2014-11-10,2014-11-10,0.0,False,True
1357,1220,canceled,2014-11-10,2014-12-17,37.0,False,True
1358,878,canceled,2014-11-10,2014-11-10,0.0,False,True
1359,1288,canceled,2014-11-10,2014-11-15,5.0,False,True
1360,755,current,2014-11-10,,,False,False
1361,85,canceled,2014-11-11,2015-03-27,136.0,False,True
1362,160,canceled,2014-11-11,2015-02-18,99.0,False,True
1363,1050,current,2015-08-11,,,False,False
1364,998,canceled,2015-08-11,2015-08-18,7.0,False,True
1365,834,current,2015-08-13,,,False,False
1366,742,current,2015-08-14,,,False,False
1367,981,canceled,2015-02-07,2015-02-07,0.0,False,True
1368,535,current,2015-02-08,,,False,False
1369,636,canceled,2015-02-09,2015-02-10,1.0,False,True
1370,636,canceled,2015-03-05,2015-08-12,160.0,False,True
1371,423,canceled,2015-02-09,2015-04-08,58.0,False,True
1372,423,current,2015-04-08,,,False,False
1373,1112,canceled,2015-02-10,2015-02-13,3.0,False,True
1374,190,canceled,2015-02-11,2015-04-08,56.0,False,True
1375,190,current,2015-04-08,,,False,False
1376,1078,canceled,2015-02-11,2015-02-17,6.0,False,True
1377,692,canceled,2015-02-11,2015-02-24,13.0,False,True
1378,1101,current,2015-02-25,,,True,False
1379,904,canceled,2015-03-05,2015-03-10,5.0,False,True
1380,259,canceled,2015-03-05,2015-03-12,7.0,False,True
1381,259,canceled,2015-04-07,2015-07-14,98.0,False,True
1382,653,canceled,2015-03-05,2015-03-05,0.0,False,True
1383,653,current,2015-07-08,,,False,False
1384,1177,canceled,2015-03-06,2015-03-06,0.0,False,True
1385,1177,current,2015-03-11,,,False,False
1386,233,current,2015-03-06,,,False,False
1387,351,current,2015-03-08,,,False,False
1388,680,canceled,2015-03-09,2015-03-12,3.0,False,True
1389,1148,canceled,2015-03-09,2015-03-09,0.0,False,True
1390,854,current,2015-08-23,,,False,False
1391,880,current,2015-08-23,,,False,False
1392,839,canceled,2014-11-13,2015-01-15,63.0,False,True
1393,1161,canceled,2014-11-13,2014-12-20,37.0,False,True
1394,672,current,2014-11-14,,,False,False
1395,282,current,2014-11-14,,,False,False
1396,155,current,2014-11-14,,,False,False
1397,949,canceled,2014-11-14,2014-11-20,6.0,False,True
1398,257,current,2014-11-15,,,False,False
1399,311,current,2014-11-16,,,False,False
1400,188,current,2014-11-16,,,False,False
1401,1146,canceled,2014-11-16,2014-12-23,37.0,False,True
1402,65,canceled,2014-11-16,2015-02-23,99.0,False,True
1403,787,canceled,2014-11-16,2014-12-23,37.0,False,True
1404,941,canceled,2015-03-10,2015-04-01,22.0,False,True
1405,457,current,2015-03-10,,,False,False
1406,1119,canceled,2015-03-11,2015-03-15,4.0,False,True
1407,1119,canceled,2015-08-16,2015-08-16,0.0,False,True
1408,899,canceled,2015-03-11,2015-03-17,6.0,False,True
1409,985,canceled,2015-03-11,2015-04-18,38.0,False,True
1410,1186,canceled,2015-03-11,2015-03-11,0.0,False,True
1411,333,current,2015-04-01,,,False,False
1412,681,canceled,2015-04-01,2015-04-07,6.0,False,True
1413,681,canceled,2015-06-09,2015-06-15,6.0,False,True
1414,835,canceled,2014-12-03,2015-01-10,38.0,False,True
1415,549,canceled,2014-12-03,2015-06-10,189.0,False,True
1416,660,canceled,2014-12-03,2015-01-10,38.0,False,True
1417,174,canceled,2014-12-03,2015-03-10,97.0,False,True
1418,1261,canceled,2014-12-03,2014-12-08,5.0,False,True
1419,514,canceled,2014-12-04,2015-06-11,189.0,False,True
1420,1135,canceled,2014-12-04,2014-12-08,4.0,False,True
1421,953,canceled,2014-12-05,2014-12-11,6.0,False,True
1422,594,current,2014-12-05,,,False,False
1423,137,current,2014-12-06,,,False,False
1424,725,canceled,2014-12-06,2014-12-06,0.0,False,True
1425,820,canceled,2014-12-06,2014-12-09,3.0,False,True
1426,778,canceled,2014-12-07,2014-12-29,22.0,False,True
1427,865,canceled,2014-12-07,2014-12-13,6.0,False,True
1428,801,canceled,2014-12-08,2015-02-03,57.0,False,True
1429,1077,canceled,2014-12-08,2015-01-30,53.0,False,True
1430,808,canceled,2014-12-08,2014-12-30,22.0,False,True
1431,241,current,2014-12-08,,,False,False
1432,767,canceled,2014-12-08,2014-12-11,3.0,False,True
1433,46,current,2014-12-08,,,False,False
1434,917,canceled,2014-12-09,2014-12-14,5.0,False,True
1435,933,canceled,2014-12-09,2014-12-14,5.0,False,True
1436,1246,canceled,2014-12-09,2014-12-15,6.0,False,True
1437,363,current,2015-04-02,,,False,False
1438,269,current,2015-04-02,,,False,False
1439,528,canceled,2015-04-03,2015-08-10,129.0,False,True
1440,1145,canceled,2015-04-04,2015-04-04,0.0,False,True
1441,658,canceled,2015-04-06,2015-04-08,2.0,False,True
1442,658,canceled,2015-04-10,2015-04-10,0.0,False,True
1443,1158,canceled,2015-04-07,2015-04-09,2.0,False,True
1444,600,current,2015-04-07,,,False,False
1445,1115,canceled,2015-04-08,2015-05-15,37.0,False,True
1446,957,canceled,2015-04-08,2015-04-14,6.0,False,True
1447,920,current,2015-04-12,,,False,False
1448,447,canceled,2015-04-24,2015-06-04,41.0,False,True
1449,370,current,2015-04-24,,,False,False
1450,84,current,2015-05-06,,,False,False
1451,255,current,2015-05-06,,,False,False
1452,987,canceled,2014-12-09,2014-12-11,2.0,False,True
1453,472,current,2015-01-07,,,False,False
1454,802,canceled,2015-01-08,2015-01-08,0.0,False,True
1455,664,canceled,2015-01-08,2015-01-08,0.0,False,True
1456,272,canceled,2015-01-08,2015-05-15,127.0,False,True
1457,32,current,2015-01-08,,,False,False
1458,115,current,2015-01-11,,,False,False
1459,997,canceled,2015-01-12,2015-01-12,0.0,False,True
1460,434,canceled,2015-01-12,2015-06-03,142.0,False,True
1461,1061,canceled,2015-01-12,2015-01-14,2.0,False,True
1462,532,canceled,2015-01-12,2015-06-19,158.0,False,True
1463,847,canceled,2015-01-12,2015-01-19,7.0,False,True
1464,937,canceled,2015-05-06,2015-06-13,38.0,False,True
1465,927,canceled,2015-05-06,2015-05-13,7.0,False,True
1466,927,canceled,2015-05-13,2015-07-20,68.0,False,True
1467,1022,canceled,2015-05-07,2015-06-14,38.0,False,True
1468,1022,current,2015-08-20,,,False,False
1469,320,current,2015-05-07,,,False,False
1470,635,current,2015-05-07,,,False,False
1471,182,current,2015-05-08,,,False,False
1472,298,current,2015-05-08,,,False,False
1473,385,current,2015-05-08,,,False,False
1474,175,current,2015-05-09,,,False,False
1475,942,canceled,2015-05-10,2015-05-15,5.0,False,True
1476,120,current,2015-05-11,,,False,False
1477,314,current,2015-05-11,,,False,False
1478,331,current,2015-05-11,,,False,False
1479,303,current,2015-05-11,,,False,False
1480,533,current,2015-05-11,,,False,False
1481,1026,canceled,2015-05-11,2015-05-12,1.0,False,True
1482,17,current,2015-05-11,,,False,False
1483,129,current,2015-05-11,,,False,False
1484,189,current,2015-05-12,,,False,False
1485,772,canceled,2015-05-12,2015-05-19,7.0,False,True
1486,870,canceled,2015-05-12,2015-05-12,0.0,False,True
1487,4,current,2015-05-12,,,False,False
1488,454,current,2015-05-12,,,False,False
1489,715,current,2015-05-12,,,False,False
1490,410,canceled,2015-05-12,2015-08-19,99.0,False,True
1491,1007,canceled,2015-05-12,2015-06-19,38.0,False,True
1492,1007,canceled,2015-07-18,2015-07-23,5.0,False,True
1493,758,canceled,2015-05-12,2015-05-17,5.0,False,True
1494,16,current,2015-05-13,,,False,False
1495,1165,canceled,2015-01-12,2015-01-13,1.0,False,True
1496,297,current,2015-01-12,,,False,False
1497,373,current,2015-01-12,,,False,False
1498,1284,canceled,2015-01-13,2015-01-13,0.0,False,True
1499,510,current,2015-02-05,,,False,False
1500,645,canceled,2015-02-09,2015-05-16,96.0,False,True
1501,1079,canceled,2015-02-09,2015-02-09,0.0,False,True
1502,1281,canceled,2015-02-09,2015-02-12,3.0,False,True
1503,36,current,2015-05-13,,,False,False
1504,1068,canceled,2015-05-28,2015-05-29,1.0,False,True
1505,616,current,2015-05-28,,,False,False
1506,55,current,2015-05-29,,,False,False
1507,538,current,2015-06-02,,,False,False
1508,503,current,2015-06-03,,,False,False
1509,196,current,2015-06-03,,,False,False
1510,1217,canceled,2015-06-06,2015-07-28,52.0,False,True
1511,1217,current,2015-08-13,,,False,False
1512,1106,canceled,2015-06-07,2015-06-13,6.0,False,True
1513,762,canceled,2015-06-08,2015-07-15,37.0,False,True
1514,565,current,2015-06-08,,,False,False
1515,897,canceled,2015-06-08,2015-07-15,37.0,False,True
1516,518,current,2015-06-08,,,False,False
1517,961,canceled,2015-06-08,2015-06-11,3.0,False,True
1518,384,current,2015-06-08,,,False,False
1519,1075,canceled,2015-06-09,2015-08-16,68.0,False,True
1520,888,current,2015-06-09,,,False,False
1521,1227,current,2015-06-09,,,False,False
1522,176,current,2015-07-08,,,False,False
1523,1133,canceled,2015-07-09,2015-07-15,6.0,False,True
1524,1231,current,2015-07-09,,,False,False
1525,1005,canceled,2015-07-09,2015-07-11,2.0,False,True
1526,999,canceled,2015-02-10,2015-02-13,3.0,False,True
1527,391,current,2015-02-10,,,False,False
1528,1188,canceled,2015-02-10,2015-03-17,35.0,False,True
1529,1200,canceled,2015-03-04,2015-04-11,38.0,False,True
1530,1196,canceled,2015-03-04,2015-03-11,7.0,False,True
1531,113,canceled,2015-03-04,2015-07-11,129.0,False,True
1532,409,current,2015-03-06,,,False,False
1533,1082,canceled,2015-03-06,2015-04-13,38.0,False,True
1534,872,current,2015-03-06,,,False,False
1535,860,canceled,2015-03-07,2015-03-11,4.0,False,True
1536,828,canceled,2015-03-09,2015-04-16,38.0,False,True
1537,795,canceled,2015-03-09,2015-03-13,4.0,False,True
1538,1100,canceled,2015-03-10,2015-03-16,6.0,False,True
1539,172,current,2015-03-10,,,False,False
1540,809,canceled,2015-03-10,2015-03-14,4.0,False,True
1541,1276,current,2015-03-10,,,False,False
1542,542,current,2015-07-10,,,False,False
1543,1063,canceled,2015-07-14,2015-07-14,0.0,False,True
1544,701,canceled,2015-07-16,2015-07-20,4.0,False,True
1545,526,current,2015-07-16,,,False,False
1546,1255,canceled,2015-07-17,2015-07-23,6.0,False,True
1547,355,current,2015-07-17,,,False,False
1548,901,current,2015-07-17,,,False,False
1549,1023,canceled,2015-07-17,2015-07-20,3.0,False,True
1550,764,current,2015-07-17,,,False,False
1551,210,current,2015-03-11,,,False,False
1552,1048,current,2015-03-11,,,False,False
1553,543,current,2015-04-01,,,False,False
1554,1149,current,2015-04-01,,,False,False
1555,1175,canceled,2015-04-02,2015-06-09,68.0,False,True
1556,781,current,2015-04-02,,,False,False
1557,425,current,2015-04-05,,,False,False
1558,118,current,2015-04-06,,,False,False
1559,310,current,2015-04-06,,,False,False
1560,19,canceled,2015-04-06,2015-07-13,98.0,False,True
1561,1070,current,2015-07-19,,,False,False
1562,798,current,2015-07-19,,,False,False
1563,1270,canceled,2015-07-20,2015-07-20,0.0,False,True
1564,548,current,2015-07-20,,,False,False
1565,1143,current,2015-08-11,,,False,False
1566,931,current,2015-08-11,,,False,False
1567,1056,current,2015-08-12,,,False,False
1568,1235,current,2015-08-12,,,False,False
1569,417,current,2015-08-12,,,False,False
1570,794,current,2015-08-13,,,False,False
1571,921,canceled,2015-08-17,2015-08-21,4.0,False,True
1572,816,current,2015-08-20,,,False,False
1573,1269,current,2015-08-21,,,False,False
1574,1067,current,2015-08-22,,,False,False
1575,1157,current,2015-08-22,,,False,False
1576,980,canceled,2015-04-08,2015-04-14,6.0,False,True
1577,726,canceled,2015-04-08,2015-05-15,37.0,False,True
1578,177,current,2015-04-10,,,False,False
1579,797,current,2015-04-24,,,False,False
1580,49,current,2015-04-24,,,False,False
1581,376,current,2015-05-05,,,False,False
1582,1004,canceled,2015-05-06,2015-05-08,2.0,False,True
1583,1024,canceled,2015-05-06,2015-05-11,5.0,False,True
1584,228,current,2015-05-07,,,False,False
1585,173,current,2015-05-07,,,False,False
1586,422,current,2015-05-08,,,False,False
1587,236,current,2015-05-10,,,False,False
1588,779,canceled,2015-05-10,2015-06-18,39.0,False,True
1589,881,canceled,2015-05-11,2015-05-14,3.0,False,True
1590,1182,current,2015-05-11,,,False,False
1591,287,current,2015-05-11,,,False,False
1592,648,current,2015-05-11,,,False,False
1593,1249,canceled,2015-05-11,2015-07-18,68.0,False,True
1594,519,current,2015-05-11,,,False,False
1595,1099,canceled,2015-05-11,2015-07-18,68.0,False,True
1596,566,current,2015-05-12,,,False,False
1597,846,canceled,2015-05-12,2015-06-19,38.0,False,True
1598,1052,canceled,2015-05-12,2015-07-19,68.0,False,True
1599,1059,canceled,2015-05-12,2015-05-18,6.0,False,True
1600,661,canceled,2015-05-12,2015-06-19,38.0,False,True
1601,852,current,2015-05-12,,,False,False
1602,491,current,2015-05-12,,,False,False
1603,445,current,2015-05-13,,,False,False
1604,644,current,2015-05-13,,,False,False
1605,68,current,2015-05-13,,,False,False
1606,489,current,2015-06-01,,,False,False
1607,911,canceled,2015-06-01,2015-06-03,2.0,False,True
1608,1291,canceled,2015-06-03,2015-06-03,0.0,False,True
1609,1206,current,2015-06-03,,,False,False
1610,414,current,2015-06-07,,,False,False
1611,226,current,2015-06-08,,,False,False
1612,2,current,2015-06-08,,,False,False
1613,1241,canceled,2015-06-09,2015-06-09,0.0,False,True
1614,1187,canceled,2015-06-09,2015-06-15,6.0,False,True
1615,1274,current,2015-07-08,,,False,False
1616,218,current,2015-07-08,,,False,False
1617,324,current,2015-07-09,,,False,False
1618,891,canceled,2015-07-09,2015-07-15,6.0,False,True
1619,1000,current,2015-07-11,,,False,False
1620,973,current,2015-07-13,,,False,False
1621,806,current,2015-07-15,,,False,False
1622,1178,canceled,2015-07-16,2015-08-07,22.0,False,True
1623,832,current,2015-07-16,,,False,False
1624,1232,canceled,2015-07-16,2015-07-17,1.0,False,True
1625,1057,canceled,2015-07-17,2015-07-21,4.0,False,True
1626,689,current,2015-07-17,,,False,False
1627,1278,current,2015-07-17,,,False,False
1628,1272,canceled,2015-07-17,2015-07-23,6.0,False,True
1629,438,current,2015-07-17,,,False,False
1630,992,current,2015-07-17,,,False,False
1631,575,current,2015-07-17,,,False,False
1632,807,canceled,2015-07-20,2015-07-22,2.0,False,True
1633,1298,current,2015-08-11,,,False,False
1634,751,current,2015-08-11,,,False,False
1635,1176,current,2015-08-12,,,False,False
1636,1110,current,2015-08-13,,,False,False
1637,1116,canceled,2015-08-15,2015-08-18,3.0,False,True
1638,874,current,2015-08-22,,,False,False
1639,686,current,2015-08-23,,,False,False
